"","EDAD","SEXO","CIVIL","HIJOS","INGRESO","AUTO","CHURN","CLASE.CART","PROBA.CART"
"1",57,"Fem","Casado",2,27535.3,"Si","Fuga","Fuga",0.7625
"2",68,"Fem","Casado",2,81000.9,"No","Fuga","Fuga",0.7625
"3",34,"Masc","Soltero",0,87467.1,"Si","Actual","Actual",0.0963855421686747
"4",60,"Masc","Casado",2,83220.6,"No","Fuga","Actual",0.0963855421686747
"5",28,"Fem","Casado",2,20850.4,"No","Fuga","Fuga",0.875
"6",52,"Masc","Soltero",0,84112.6,"No","Actual","Actual",0.0963855421686747
"7",87,"Fem","Soltero",2,3776.12,"No","Fuga","Fuga",0.7625
"8",88,"Fem","Casado",2,73865.9,"Si","Fuga","Fuga",0.7625
"9",76,"Masc","Casado",2,30933.6,"Si","Actual","Actual",0.0963855421686747
"10",76,"Fem","Casado",1,12309.6,"No","Fuga","Fuga",0.7625
"11",87,"Masc","Soltero",0,69864,"No","Fuga","Actual",0.0963855421686747
"12",90,"Fem","Casado",0,91620.6,"No","Actual","Fuga",0.7625
"13",62,"Masc","Soltero",0,96501.9,"Si","Actual","Actual",0.0963855421686747
"14",81,"Masc","Soltero",1,3968.54,"No","Actual","Actual",0.0963855421686747
"15",50,"Fem","Casado",2,13774.2,"No","Fuga","Fuga",0.7625
"16",48,"Masc","Soltero",2,39428.2,"No","Actual","Actual",0.0963855421686747
"17",37,"Fem","Soltero",2,4988.14,"No","Actual","Actual",0.0882352941176471
"18",55,"Masc","Soltero",2,85753.8,"No","Fuga","Actual",0.0963855421686747
"19",21,"Masc","Casado",2,23564.1,"No","Fuga","Fuga",0.710526315789474
"20",42,"Masc","Soltero",0,37661,"No","Actual","Actual",0.0963855421686747
"21",71,"Masc","Casado",2,99064,"No","Actual","Actual",0.0963855421686747
"22",94,"Fem","Casado",0,87251.8,"Si","Fuga","Fuga",0.7625
"23",33,"Fem","Casado",0,2974.76,"Si","Fuga","Actual",0.0882352941176471
"24",86,"Fem","Soltero",2,92885.9,"No","Actual","Fuga",0.7625
"25",54,"Masc","Casado",2,11676.2,"No","Actual","Actual",0.0963855421686747
"26",19,"Fem","Casado",0,27842.1,"No","Fuga","Fuga",0.875
"27",18,"Fem","Casado",1,9925.68,"No","Fuga","Fuga",0.875
"28",75,"Masc","Casado",2,17562.9,"Si","Actual","Actual",0.0963855421686747
"29",62,"Masc","Casado",0,50676,"No","Actual","Actual",0.0963855421686747
"30",23,"Fem","Soltero",2,8383.47,"Si","Fuga","Fuga",0.875
"31",57,"Masc","Casado",0,28128.4,"No","Actual","Actual",0.0963855421686747
"32",52,"Masc","Soltero",0,88413.4,"Si","Fuga","Actual",0.0963855421686747
"33",48,"Masc","Soltero",0,81420,"No","Fuga","Actual",0.0963855421686747
"34",77,"Fem","Casado",2,37155,"Si","Fuga","Fuga",0.7625
"35",61,"Masc","Casado",1,85927.7,"No","Actual","Actual",0.0963855421686747
"36",25,"Fem","Casado",0,38950.5,"No","Fuga","Fuga",0.875
"37",56,"Masc","Soltero",0,44143.1,"No","Fuga","Actual",0.0963855421686747
"38",45,"Masc","Casado",1,39378.9,"No","Actual","Actual",0.0963855421686747
"39",59,"Fem","Soltero",1,69454.6,"Si","Fuga","Fuga",0.7625
"40",78,"Fem","Soltero",2,74392.1,"No","Actual","Fuga",0.7625
"41",21,"Fem","Casado",2,75323.4,"No","Actual","Actual",0.159663865546218
"42",62,"Masc","Casado",2,94092.6,"No","Actual","Actual",0.0963855421686747
"43",32,"Masc","Soltero",1,63769.7,"Si","Fuga","Actual",0.0963855421686747
"44",43,"Masc","Casado",0,33935.8,"Si","Actual","Actual",0.0963855421686747
"45",32,"Fem","Casado",2,18913.2,"No","Fuga","Actual",0.0882352941176471
"46",20,"Masc","Casado",1,99398.1,"No","Fuga","Actual",0.132075471698113
"47",83,"Fem","Soltero",1,96112.1,"Si","Fuga","Fuga",0.7625
"48",46,"Fem","Casado",0,46734.5,"No","Fuga","Fuga",0.7625
"49",66,"Masc","Soltero",0,80025.3,"Si","Actual","Actual",0.0963855421686747
"50",42,"Fem","Soltero",2,49776.2,"Si","Fuga","Fuga",0.7625
"51",27,"Masc","Soltero",2,4335.86,"No","Fuga","Fuga",0.710526315789474
"52",93,"Fem","Soltero",0,74912.1,"Si","Fuga","Fuga",0.7625
"53",93,"Masc","Casado",1,25949,"No","Actual","Actual",0.0963855421686747
"54",73,"Fem","Casado",0,76660.7,"No","Actual","Fuga",0.7625
"55",48,"Masc","Casado",0,58764.7,"Si","Actual","Actual",0.0963855421686747
"56",47,"Masc","Casado",2,90070.5,"No","Actual","Actual",0.0963855421686747
"57",94,"Fem","Casado",2,38925.5,"No","Actual","Fuga",0.7625
"58",20,"Masc","Soltero",2,9431.04,"No","Fuga","Fuga",0.710526315789474
"59",32,"Masc","Casado",0,38038.7,"Si","Actual","Actual",0.0963855421686747
"60",19,"Fem","Soltero",0,50290.7,"No","Fuga","Actual",0.159663865546218
"61",78,"Fem","Soltero",1,88990.6,"Si","Fuga","Fuga",0.7625
"62",36,"Fem","Casado",1,5283.2,"No","Actual","Actual",0.0882352941176471
"63",79,"Masc","Casado",1,37571.1,"No","Actual","Actual",0.0963855421686747
"64",23,"Fem","Casado",1,22767,"Si","Fuga","Fuga",0.875
"65",79,"Masc","Casado",0,61985.6,"No","Actual","Actual",0.0963855421686747
"66",27,"Masc","Casado",1,23234.8,"No","Actual","Fuga",0.710526315789474
"67",81,"Masc","Casado",2,20759.9,"No","Actual","Actual",0.0963855421686747
"68",54,"Masc","Casado",2,93476.6,"Si","Actual","Actual",0.0963855421686747
"69",29,"Masc","Casado",0,20315.4,"Si","Actual","Fuga",0.710526315789474
"70",68,"Masc","Casado",0,55059.2,"No","Actual","Actual",0.0963855421686747
"71",64,"Masc","Casado",1,92298,"No","Actual","Actual",0.0963855421686747
"72",69,"Masc","Casado",2,64113.6,"Si","Actual","Actual",0.0963855421686747
"73",40,"Masc","Soltero",0,57482.7,"Si","Actual","Actual",0.0963855421686747
"74",81,"Fem","Casado",1,77622.9,"No","Fuga","Fuga",0.7625
"75",71,"Fem","Soltero",1,61302,"No","Actual","Fuga",0.7625
"76",90,"Fem","Casado",1,41416.8,"No","Fuga","Fuga",0.7625
"77",42,"Fem","Soltero",1,14740.1,"No","Fuga","Fuga",0.7625
"78",93,"Fem","Casado",1,20013.2,"Si","Actual","Fuga",0.7625
"79",58,"Masc","Casado",0,88811,"No","Actual","Actual",0.0963855421686747
"80",43,"Fem","Soltero",2,77293,"No","Fuga","Fuga",0.7625
"81",23,"Fem","Casado",2,70032.2,"No","Actual","Actual",0.159663865546218
"82",84,"Masc","Casado",0,88164,"No","Actual","Actual",0.0963855421686747
"83",81,"Masc","Soltero",0,44073.5,"No","Actual","Actual",0.0963855421686747
"84",72,"Masc","Soltero",1,95182.1,"No","Actual","Actual",0.0963855421686747
"85",70,"Masc","Casado",2,52921,"No","Actual","Actual",0.0963855421686747
"86",54,"Fem","Casado",1,27376,"No","Fuga","Fuga",0.7625
"87",91,"Fem","Soltero",0,48262.4,"No","Fuga","Fuga",0.7625
"88",50,"Fem","Casado",2,59078,"Si","Actual","Fuga",0.7625
"89",67,"Fem","Soltero",0,79727,"No","Fuga","Fuga",0.7625
"90",32,"Fem","Soltero",2,5108.57,"No","Actual","Actual",0.0882352941176471
"91",34,"Fem","Casado",2,94024.1,"No","Actual","Actual",0.159663865546218
"92",62,"Masc","Soltero",1,11359.6,"No","Actual","Actual",0.0963855421686747
"93",49,"Masc","Soltero",0,60282.8,"No","Actual","Actual",0.0963855421686747
"94",61,"Masc","Casado",0,95132.7,"No","Actual","Actual",0.0963855421686747
"95",39,"Fem","Casado",1,85980.9,"No","Actual","Actual",0.159663865546218
"96",83,"Fem","Casado",0,67042,"No","Actual","Fuga",0.7625
"97",52,"Fem","Casado",1,24943,"Si","Fuga","Fuga",0.7625
"98",26,"Masc","Soltero",2,8172.8,"No","Actual","Fuga",0.710526315789474
"99",55,"Fem","Casado",0,79771.3,"Si","Fuga","Fuga",0.7625
"100",58,"Fem","Casado",0,91446.4,"Si","Actual","Fuga",0.7625
"101",36,"Fem","Casado",2,96283.6,"No","Actual","Actual",0.159663865546218
"102",19,"Fem","Soltero",1,24896.1,"No","Fuga","Fuga",0.875
"103",91,"Masc","Casado",1,16785.9,"No","Actual","Actual",0.0963855421686747
"104",68,"Masc","Casado",0,10421.7,"No","Actual","Actual",0.0963855421686747
"105",42,"Fem","Casado",0,18199.7,"No","Fuga","Fuga",0.7625
"106",47,"Fem","Casado",2,56816.4,"No","Fuga","Fuga",0.7625
"107",65,"Masc","Casado",0,30057.4,"Si","Actual","Actual",0.0963855421686747
"108",59,"Fem","Casado",1,50290.7,"No","Fuga","Fuga",0.7625
"109",55,"Masc","Soltero",2,50050.5,"No","Fuga","Actual",0.0963855421686747
"110",39,"Fem","Soltero",1,46638.5,"No","Actual","Actual",0.159663865546218
"111",94,"Fem","Soltero",2,42983.3,"No","Actual","Fuga",0.7625
"112",84,"Fem","Soltero",2,32964.2,"No","Actual","Fuga",0.7625
"113",62,"Fem","Casado",1,63314.6,"No","Fuga","Fuga",0.7625
"114",22,"Fem","Casado",0,42877.2,"No","Fuga","Actual",0.159663865546218
"115",83,"Fem","Soltero",1,78854.9,"No","Fuga","Fuga",0.7625
"116",29,"Masc","Soltero",0,49127.2,"No","Actual","Actual",0.132075471698113
"117",44,"Masc","Casado",2,57430.5,"No","Actual","Actual",0.0963855421686747
"118",58,"Masc","Soltero",0,56286.8,"No","Actual","Actual",0.0963855421686747
"119",63,"Fem","Soltero",1,83977.6,"No","Fuga","Fuga",0.7625
"120",22,"Fem","Soltero",2,80571.6,"Si","Actual","Actual",0.159663865546218
"121",53,"Masc","Casado",1,18672,"Si","Fuga","Actual",0.0963855421686747
"122",34,"Fem","Soltero",0,91147.5,"No","Actual","Actual",0.159663865546218
"123",40,"Fem","Casado",1,21126.7,"No","Fuga","Fuga",0.7625
"124",29,"Fem","Soltero",0,73032.9,"No","Actual","Actual",0.159663865546218
"125",50,"Masc","Soltero",2,48882.6,"No","Actual","Actual",0.0963855421686747
"126",18,"Fem","Casado",1,57549.5,"No","Actual","Actual",0.159663865546218
"127",57,"Fem","Casado",0,81576.2,"No","Fuga","Fuga",0.7625
"128",62,"Masc","Soltero",2,49059.4,"No","Actual","Actual",0.0963855421686747
"129",55,"Fem","Soltero",0,95489.4,"Si","Fuga","Fuga",0.7625
"130",29,"Masc","Soltero",2,35235.9,"No","Fuga","Fuga",0.710526315789474
"131",69,"Masc","Casado",2,30901.3,"No","Actual","Actual",0.0963855421686747
"132",95,"Masc","Casado",2,92855.3,"No","Actual","Actual",0.0963855421686747
"133",75,"Fem","Soltero",1,50290.7,"No","Fuga","Fuga",0.7625
"134",55,"Fem","Casado",2,7394.15,"No","Actual","Fuga",0.7625
"135",67,"Masc","Casado",2,37168.9,"No","Actual","Actual",0.0963855421686747
"136",59,"Masc","Casado",0,77177.1,"No","Actual","Actual",0.0963855421686747
"137",89,"Masc","Soltero",2,30059.6,"No","Actual","Actual",0.0963855421686747
"138",72,"Masc","Casado",0,96188.2,"No","Actual","Actual",0.0963855421686747
"139",59,"Masc","Casado",2,35119.1,"No","Actual","Actual",0.0963855421686747
"140",67,"Masc","Soltero",1,36415.3,"Si","Actual","Actual",0.0963855421686747
"141",58,"Fem","Casado",1,1414.58,"No","Actual","Fuga",0.7625
"142",18,"Fem","Casado",1,9929.4,"Si","Actual","Fuga",0.875
"143",87,"Masc","Soltero",1,22718.6,"No","Actual","Actual",0.0963855421686747
"144",49,"Masc","Casado",1,62381.4,"No","Actual","Actual",0.0963855421686747
"145",82,"Masc","Soltero",2,2271.11,"No","Actual","Actual",0.0963855421686747
"146",91,"Fem","Casado",1,82051.9,"No","Fuga","Fuga",0.7625
"147",57,"Masc","Casado",1,57272.7,"No","Actual","Actual",0.0963855421686747
"148",31,"Fem","Soltero",2,85401.7,"Si","Actual","Actual",0.159663865546218
"149",58,"Masc","Casado",1,99619.9,"Si","Actual","Actual",0.0963855421686747
"150",23,"Masc","Casado",2,55371.8,"No","Actual","Actual",0.132075471698113
"151",48,"Fem","Casado",0,24737.8,"No","Actual","Fuga",0.7625
"152",80,"Masc","Casado",0,50290.7,"No","Actual","Actual",0.0963855421686747
"153",39,"Fem","Soltero",2,83996.9,"No","Actual","Actual",0.159663865546218
"154",21,"Fem","Casado",1,73138.8,"Si","Actual","Actual",0.159663865546218
"155",19,"Masc","Casado",0,58979.3,"Si","Actual","Actual",0.132075471698113
"156",88,"Masc","Soltero",1,49176.2,"No","Actual","Actual",0.0963855421686747
"157",77,"Fem","Casado",0,39516.3,"No","Fuga","Fuga",0.7625
"158",76,"Masc","Casado",2,24855.7,"Si","Actual","Actual",0.0963855421686747
"159",29,"Masc","Casado",0,97996.9,"No","Actual","Actual",0.132075471698113
"160",48,"Masc","Soltero",2,87381.8,"No","Actual","Actual",0.0963855421686747
"161",38,"Fem","Casado",2,81309.5,"Si","Actual","Actual",0.159663865546218
"162",34,"Masc","Casado",0,73834.9,"Si","Actual","Actual",0.0963855421686747
"163",79,"Fem","Casado",0,28021.4,"Si","Actual","Fuga",0.7625
"164",49,"Fem","Casado",2,48334.1,"No","Fuga","Fuga",0.7625
"165",93,"Masc","Casado",0,60325.9,"Si","Actual","Actual",0.0963855421686747
"166",72,"Masc","Soltero",0,21079.2,"Si","Actual","Actual",0.0963855421686747
"167",85,"Masc","Soltero",1,75991.2,"No","Actual","Actual",0.0963855421686747
"168",34,"Fem","Casado",2,24325.8,"Si","Actual","Actual",0.0882352941176471
"169",54,"Fem","Soltero",1,61231.7,"No","Fuga","Fuga",0.7625
"170",94,"Fem","Casado",2,17964,"No","Fuga","Fuga",0.7625
"171",82,"Fem","Soltero",1,80066.3,"No","Fuga","Fuga",0.7625
"172",37,"Masc","Casado",0,43235.5,"No","Actual","Actual",0.0963855421686747
"173",65,"Masc","Casado",0,50290.7,"No","Actual","Actual",0.0963855421686747
"174",25,"Masc","Soltero",2,51268.5,"Si","Actual","Actual",0.132075471698113
"175",58,"Fem","Casado",2,29597.1,"No","Actual","Fuga",0.7625
"176",73,"Masc","Soltero",2,73240.3,"No","Actual","Actual",0.0963855421686747
"177",40,"Fem","Casado",0,15980.1,"Si","Fuga","Fuga",0.7625
"178",59,"Fem","Soltero",1,61205.6,"No","Fuga","Fuga",0.7625
"179",60,"Fem","Casado",2,21380.9,"No","Fuga","Fuga",0.7625
"180",67,"Masc","Soltero",0,88874,"Si","Actual","Actual",0.0963855421686747
"181",43,"Masc","Casado",1,35827.5,"Si","Actual","Actual",0.0963855421686747
"182",43,"Fem","Casado",0,85205.1,"Si","Fuga","Fuga",0.7625
"183",95,"Masc","Casado",2,21213,"No","Actual","Actual",0.0963855421686747
"184",52,"Masc","Soltero",1,37809.7,"Si","Fuga","Actual",0.0963855421686747
"185",93,"Masc","Soltero",1,68089.1,"No","Actual","Actual",0.0963855421686747
"186",22,"Masc","Soltero",1,15434.3,"Si","Fuga","Fuga",0.710526315789474
"187",73,"Fem","Soltero",0,92405.9,"No","Actual","Fuga",0.7625
"188",90,"Masc","Casado",0,42248.7,"No","Actual","Actual",0.0963855421686747
"189",55,"Fem","Casado",0,28528,"Si","Actual","Fuga",0.7625
"190",83,"Masc","Casado",2,85753.4,"No","Actual","Actual",0.0963855421686747
"191",37,"Masc","Soltero",1,28906.8,"No","Actual","Actual",0.0963855421686747
"192",78,"Masc","Casado",0,54864.6,"No","Actual","Actual",0.0963855421686747
"193",25,"Masc","Casado",2,40774.2,"No","Actual","Actual",0.132075471698113
"194",81,"Fem","Casado",1,50613.1,"Si","Fuga","Fuga",0.7625
"195",74,"Masc","Casado",1,60015.1,"No","Actual","Actual",0.0963855421686747
"196",65,"Masc","Soltero",1,11520.3,"No","Actual","Actual",0.0963855421686747
"197",57,"Masc","Soltero",2,26349.1,"No","Actual","Actual",0.0963855421686747
"198",65,"Masc","Casado",2,54370.8,"No","Actual","Actual",0.0963855421686747
"199",55,"Masc","Casado",2,50290.7,"No","Actual","Actual",0.0963855421686747
"200",89,"Fem","Soltero",2,79133,"Si","Fuga","Fuga",0.7625
"201",61,"Fem","Soltero",2,54643.3,"Si","Actual","Fuga",0.7625
"202",55,"Fem","Soltero",0,91646.6,"Si","Fuga","Fuga",0.7625
"203",42,"Fem","Casado",1,79763.6,"Si","Actual","Fuga",0.7625
"204",43,"Masc","Casado",1,15425.3,"Si","Actual","Actual",0.0963855421686747
"205",62,"Masc","Casado",1,65619.8,"Si","Fuga","Actual",0.0963855421686747
"206",38,"Masc","Soltero",2,58087.5,"No","Actual","Actual",0.0963855421686747
"207",30,"Fem","Casado",2,36740.7,"No","Actual","Actual",0.0882352941176471
"208",96,"Fem","Casado",2,95394,"No","Fuga","Fuga",0.7625
"209",74,"Fem","Soltero",2,25754.9,"No","Actual","Fuga",0.7625
"210",40,"Masc","Casado",0,55714,"No","Actual","Actual",0.0963855421686747
"211",65,"Fem","Soltero",0,36159,"No","Actual","Fuga",0.7625
"212",56,"Masc","Casado",1,24626,"No","Actual","Actual",0.0963855421686747
"213",69,"Fem","Casado",0,49188.9,"Si","Fuga","Fuga",0.7625
"214",57,"Fem","Casado",0,83165.7,"No","Fuga","Fuga",0.7625
"215",70,"Fem","Soltero",2,15080.4,"No","Actual","Fuga",0.7625
"216",22,"Fem","Casado",2,59699.5,"No","Actual","Actual",0.159663865546218
"217",39,"Masc","Casado",1,88474.7,"Si","Actual","Actual",0.0963855421686747
"218",58,"Masc","Casado",0,64789.8,"No","Actual","Actual",0.0963855421686747
"219",19,"Fem","Casado",1,99261.8,"Si","Actual","Actual",0.159663865546218
"220",83,"Fem","Casado",0,89344.4,"No","Actual","Fuga",0.7625
"221",82,"Fem","Soltero",1,79009.7,"No","Actual","Fuga",0.7625
"222",96,"Masc","Soltero",0,83986.8,"Si","Actual","Actual",0.0963855421686747
"223",48,"Masc","Soltero",1,98360.6,"Si","Actual","Actual",0.0963855421686747
"224",74,"Fem","Soltero",1,42002,"No","Fuga","Fuga",0.7625
"225",55,"Masc","Casado",1,41334.1,"No","Actual","Actual",0.0963855421686747
"226",69,"Fem","Casado",2,28848.8,"No","Actual","Fuga",0.7625
"227",53,"Masc","Casado",2,17246,"Si","Actual","Actual",0.0963855421686747
"228",71,"Fem","Casado",2,80667.4,"No","Fuga","Fuga",0.7625
"229",19,"Fem","Soltero",2,56438.9,"No","Actual","Actual",0.159663865546218
"230",37,"Masc","Casado",0,52355.1,"Si","Actual","Actual",0.0963855421686747
"231",75,"Masc","Casado",0,99454.2,"No","Actual","Actual",0.0963855421686747
"232",37,"Fem","Casado",2,80869.8,"No","Actual","Actual",0.159663865546218
"233",38,"Fem","Casado",1,50290.7,"No","Actual","Actual",0.159663865546218
"234",94,"Masc","Soltero",0,44927,"No","Actual","Actual",0.0963855421686747
"235",86,"Fem","Casado",0,2530.76,"Si","Actual","Fuga",0.7625
"236",54,"Fem","Casado",2,19758.3,"No","Actual","Fuga",0.7625
"237",69,"Fem","Casado",0,10250.1,"No","Fuga","Fuga",0.7625
"238",28,"Fem","Casado",0,38450.2,"Si","Actual","Fuga",0.875
"239",70,"Masc","Soltero",2,66649.2,"No","Actual","Actual",0.0963855421686747
"240",93,"Fem","Soltero",1,21395.2,"Si","Fuga","Fuga",0.7625
"241",78,"Fem","Soltero",2,72800.9,"No","Fuga","Fuga",0.7625
"242",68,"Masc","Casado",0,41486.4,"Si","Actual","Actual",0.0963855421686747
"243",31,"Masc","Soltero",1,37832.6,"Si","Actual","Actual",0.0963855421686747
"244",53,"Fem","Soltero",0,95584.5,"No","Actual","Fuga",0.7625
"245",20,"Masc","Casado",1,59632.9,"Si","Actual","Actual",0.132075471698113
"246",97,"Fem","Soltero",1,98860.1,"No","Fuga","Fuga",0.7625
"247",61,"Masc","Casado",1,83039.2,"Si","Fuga","Actual",0.0963855421686747
"248",92,"Fem","Soltero",2,47396.2,"No","Fuga","Fuga",0.7625
"249",37,"Fem","Casado",0,46812.7,"No","Actual","Actual",0.159663865546218
"250",59,"Fem","Soltero",0,41624.7,"Si","Fuga","Fuga",0.7625
"251",50,"Fem","Casado",0,63306.6,"Si","Fuga","Fuga",0.7625
"252",34,"Fem","Soltero",1,33671,"No","Actual","Actual",0.0882352941176471
"253",39,"Fem","Soltero",0,16829.6,"No","Actual","Actual",0.0882352941176471
"254",69,"Masc","Casado",0,80417.5,"Si","Actual","Actual",0.0963855421686747
"255",53,"Masc","Casado",1,34317.6,"No","Fuga","Actual",0.0963855421686747
"256",86,"Fem","Casado",1,99248.1,"No","Fuga","Fuga",0.7625
"257",62,"Fem","Casado",2,8749.8,"No","Fuga","Fuga",0.7625
"258",38,"Fem","Casado",0,17499.2,"No","Actual","Actual",0.0882352941176471
"259",94,"Masc","Casado",1,76213.2,"No","Actual","Actual",0.0963855421686747
"260",75,"Fem","Casado",2,11434.6,"No","Fuga","Fuga",0.7625
"261",97,"Masc","Casado",2,75004.5,"No","Actual","Actual",0.0963855421686747
"262",32,"Masc","Casado",0,54430.2,"Si","Fuga","Actual",0.0963855421686747
"263",27,"Fem","Soltero",1,54370.7,"No","Actual","Actual",0.159663865546218
"264",90,"Masc","Soltero",2,83653.3,"No","Actual","Actual",0.0963855421686747
"265",59,"Fem","Soltero",0,23892.2,"Si","Fuga","Fuga",0.7625
"266",77,"Fem","Soltero",0,34160.5,"No","Fuga","Fuga",0.7625
"267",27,"Masc","Casado",2,50290.7,"No","Actual","Actual",0.132075471698113
"268",86,"Fem","Soltero",1,31639.2,"No","Fuga","Fuga",0.7625
"269",47,"Fem","Casado",1,7071.46,"No","Fuga","Fuga",0.7625
"270",33,"Masc","Casado",0,28000.4,"Si","Actual","Actual",0.0963855421686747
"271",77,"Masc","Soltero",1,2743.69,"No","Actual","Actual",0.0963855421686747
"272",68,"Fem","Casado",1,97318.6,"Si","Fuga","Fuga",0.7625
"273",93,"Fem","Soltero",1,46771.2,"No","Fuga","Fuga",0.7625
"274",30,"Fem","Casado",1,48457.6,"Si","Actual","Actual",0.159663865546218
"275",93,"Masc","Casado",2,40372.4,"Si","Actual","Actual",0.0963855421686747
"276",47,"Fem","Casado",1,57611.4,"No","Fuga","Fuga",0.7625
"277",89,"Masc","Casado",0,60156.9,"Si","Actual","Actual",0.0963855421686747
"278",22,"Fem","Casado",1,58462.3,"Si","Actual","Actual",0.159663865546218
"279",25,"Fem","Casado",2,295.941,"No","Fuga","Fuga",0.875
"280",44,"Fem","Soltero",2,17689.2,"No","Fuga","Fuga",0.7625
"281",66,"Masc","Casado",1,7277.29,"Si","Actual","Actual",0.0963855421686747
"282",69,"Fem","Soltero",0,45310.4,"No","Fuga","Fuga",0.7625
"283",38,"Masc","Casado",0,66742.3,"No","Actual","Actual",0.0963855421686747
"284",97,"Masc","Casado",2,27667.6,"No","Fuga","Actual",0.0963855421686747
"285",45,"Masc","Casado",2,7673.47,"No","Fuga","Actual",0.0963855421686747
"286",68,"Fem","Casado",0,99832.9,"No","Fuga","Fuga",0.7625
"287",46,"Masc","Casado",0,93996.8,"No","Actual","Actual",0.0963855421686747
"288",47,"Fem","Casado",2,54039.4,"No","Fuga","Fuga",0.7625
"289",31,"Masc","Casado",2,11254.9,"Si","Actual","Actual",0.0963855421686747
"290",55,"Fem","Soltero",2,51744.2,"No","Actual","Fuga",0.7625
"291",56,"Masc","Soltero",0,4841.33,"Si","Actual","Actual",0.0963855421686747
"292",72,"Masc","Soltero",0,22150.8,"No","Actual","Actual",0.0963855421686747
"293",45,"Masc","Casado",2,39035.8,"No","Actual","Actual",0.0963855421686747
"294",63,"Masc","Casado",0,82981,"No","Actual","Actual",0.0963855421686747
"295",80,"Fem","Soltero",1,31809.7,"Si","Fuga","Fuga",0.7625
"296",80,"Fem","Casado",1,17755.4,"No","Fuga","Fuga",0.7625
"297",61,"Masc","Casado",0,41063.6,"Si","Actual","Actual",0.0963855421686747
"298",48,"Fem","Casado",0,4581.11,"No","Fuga","Fuga",0.7625
"299",49,"Masc","Soltero",0,9414.82,"No","Actual","Actual",0.0963855421686747
"300",65,"Masc","Soltero",1,57626.9,"Si","Actual","Actual",0.0963855421686747
"301",28,"Fem","Casado",2,63328.8,"No","Fuga","Actual",0.159663865546218
"302",78,"Fem","Casado",2,62685,"No","Fuga","Fuga",0.7625
"303",46,"Fem","Casado",1,51014,"No","Fuga","Fuga",0.7625
"304",42,"Masc","Casado",0,18552.7,"No","Fuga","Actual",0.0963855421686747
"305",23,"Fem","Soltero",1,14082,"No","Fuga","Fuga",0.875
"306",57,"Fem","Casado",1,50290.7,"No","Fuga","Fuga",0.7625
"307",69,"Fem","Casado",0,91198.6,"No","Actual","Fuga",0.7625
"308",58,"Masc","Soltero",2,4123.46,"No","Actual","Actual",0.0963855421686747
"309",54,"Fem","Casado",0,37389.2,"No","Fuga","Fuga",0.7625
"310",76,"Masc","Soltero",2,59592.6,"Si","Actual","Actual",0.0963855421686747
"311",79,"Fem","Soltero",1,87818.3,"No","Actual","Fuga",0.7625
"312",86,"Masc","Soltero",2,56256.1,"No","Actual","Actual",0.0963855421686747
"313",61,"Masc","Casado",1,18307.4,"No","Actual","Actual",0.0963855421686747
"314",84,"Fem","Casado",2,5936.48,"Si","Fuga","Fuga",0.7625
"315",73,"Fem","Soltero",0,23832,"No","Actual","Fuga",0.7625
"316",55,"Masc","Casado",1,69408.3,"No","Actual","Actual",0.0963855421686747
"317",28,"Masc","Soltero",2,39700.3,"No","Fuga","Fuga",0.710526315789474
"318",45,"Fem","Casado",0,41947.8,"No","Actual","Fuga",0.7625
"319",68,"Masc","Casado",1,27677.8,"No","Actual","Actual",0.0963855421686747
"320",75,"Fem","Casado",2,42846.2,"Si","Fuga","Fuga",0.7625
"321",71,"Masc","Casado",0,51195.5,"Si","Actual","Actual",0.0963855421686747
"322",84,"Masc","Soltero",0,34148.6,"Si","Actual","Actual",0.0963855421686747
"323",21,"Fem","Casado",0,38705.5,"Si","Fuga","Fuga",0.875
"324",41,"Masc","Soltero",0,85804.3,"Si","Actual","Actual",0.0963855421686747
"325",49,"Fem","Soltero",1,60310.6,"Si","Fuga","Fuga",0.7625
"326",83,"Masc","Casado",2,25108.2,"Si","Actual","Actual",0.0963855421686747
"327",59,"Masc","Soltero",0,33912.4,"Si","Actual","Actual",0.0963855421686747
"328",32,"Fem","Casado",1,7027.14,"No","Actual","Actual",0.0882352941176471
"329",65,"Fem","Casado",0,58345.8,"No","Fuga","Fuga",0.7625
"330",51,"Masc","Soltero",0,2630.4,"Si","Actual","Actual",0.0963855421686747
"331",92,"Masc","Casado",0,29518.8,"No","Actual","Actual",0.0963855421686747
"332",97,"Masc","Soltero",0,75854.9,"No","Actual","Actual",0.0963855421686747
"333",30,"Masc","Casado",1,3578,"No","Actual","Actual",0.0963855421686747
"334",64,"Fem","Soltero",2,62275.3,"Si","Fuga","Fuga",0.7625
"335",74,"Fem","Casado",0,25445.6,"No","Fuga","Fuga",0.7625
"336",44,"Masc","Casado",1,49554.8,"No","Actual","Actual",0.0963855421686747
"337",18,"Masc","Casado",0,1846.01,"No","Fuga","Fuga",0.710526315789474
"338",84,"Fem","Soltero",0,95056.9,"No","Fuga","Fuga",0.7625
"339",18,"Masc","Casado",0,40728.7,"No","Actual","Actual",0.132075471698113
"340",72,"Masc","Soltero",2,55050.5,"Si","Fuga","Actual",0.0963855421686747
"341",87,"Masc","Casado",0,98127.6,"No","Actual","Actual",0.0963855421686747
"342",84,"Masc","Soltero",2,27958.5,"No","Actual","Actual",0.0963855421686747
"343",22,"Masc","Casado",1,95847.9,"Si","Fuga","Actual",0.132075471698113
"344",19,"Fem","Casado",1,67750.9,"No","Actual","Actual",0.159663865546218
"345",42,"Masc","Soltero",1,93645.3,"No","Actual","Actual",0.0963855421686747
"346",42,"Fem","Casado",1,31650.2,"No","Actual","Fuga",0.7625
"347",80,"Fem","Casado",1,86618.8,"No","Fuga","Fuga",0.7625
"348",80,"Fem","Soltero",0,48506.7,"No","Fuga","Fuga",0.7625
"349",53,"Masc","Casado",0,50622.9,"Si","Actual","Actual",0.0963855421686747
"350",59,"Fem","Casado",0,50290.7,"Si","Fuga","Fuga",0.7625
"351",81,"Fem","Soltero",0,54486.5,"No","Fuga","Fuga",0.7625
"352",41,"Fem","Casado",1,84388.5,"No","Fuga","Fuga",0.7625
"353",53,"Masc","Soltero",2,21242.8,"No","Actual","Actual",0.0963855421686747
"354",91,"Masc","Soltero",2,61766.7,"Si","Actual","Actual",0.0963855421686747
"355",71,"Masc","Soltero",0,28273,"Si","Actual","Actual",0.0963855421686747
"356",33,"Masc","Casado",1,57237.9,"No","Fuga","Actual",0.0963855421686747
"357",71,"Masc","Soltero",1,37248.6,"Si","Actual","Actual",0.0963855421686747
"358",64,"Fem","Casado",2,25796.5,"No","Fuga","Fuga",0.7625
"359",76,"Masc","Soltero",1,24104.7,"No","Actual","Actual",0.0963855421686747
"360",49,"Fem","Casado",2,48471.1,"No","Fuga","Fuga",0.7625
"361",75,"Fem","Soltero",1,57952.6,"No","Fuga","Fuga",0.7625
"362",39,"Fem","Soltero",1,31931.3,"No","Actual","Actual",0.0882352941176471
"363",33,"Fem","Casado",1,33967.7,"No","Actual","Actual",0.0882352941176471
"364",25,"Fem","Soltero",0,91106.4,"No","Actual","Actual",0.159663865546218
"365",85,"Masc","Casado",0,18909.5,"Si","Actual","Actual",0.0963855421686747
"366",26,"Masc","Soltero",2,19998.4,"No","Fuga","Fuga",0.710526315789474
"367",39,"Fem","Casado",2,72401.8,"No","Actual","Actual",0.159663865546218
"368",68,"Masc","Soltero",1,83556.7,"No","Actual","Actual",0.0963855421686747
"369",46,"Fem","Casado",0,34437.2,"Si","Fuga","Fuga",0.7625
"370",86,"Fem","Casado",2,36090.7,"No","Fuga","Fuga",0.7625
"371",65,"Fem","Casado",2,58148.7,"No","Fuga","Fuga",0.7625
"372",85,"Fem","Casado",2,69730.9,"Si","Fuga","Fuga",0.7625
"373",79,"Fem","Soltero",2,43151.7,"No","Fuga","Fuga",0.7625
"374",82,"Fem","Soltero",0,17491.4,"No","Fuga","Fuga",0.7625
"375",30,"Fem","Casado",2,16948.8,"No","Actual","Actual",0.0882352941176471
"376",72,"Fem","Casado",1,38788.3,"Si","Fuga","Fuga",0.7625
"377",88,"Fem","Soltero",2,10764.6,"No","Fuga","Fuga",0.7625
"378",18,"Fem","Casado",0,13441.5,"No","Actual","Fuga",0.875
"379",62,"Masc","Soltero",1,47503.9,"No","Actual","Actual",0.0963855421686747
"380",66,"Masc","Soltero",2,72018.6,"Si","Actual","Actual",0.0963855421686747
"381",29,"Fem","Soltero",1,21529.1,"No","Fuga","Fuga",0.875
"382",36,"Masc","Casado",1,96349.8,"No","Actual","Actual",0.0963855421686747
"383",76,"Fem","Casado",0,35697.5,"No","Fuga","Fuga",0.7625
"384",60,"Fem","Casado",1,40792.3,"Si","Actual","Fuga",0.7625
"385",46,"Fem","Casado",0,94576.2,"Si","Fuga","Fuga",0.7625
"386",42,"Masc","Casado",0,69463.1,"No","Actual","Actual",0.0963855421686747
"387",90,"Fem","Casado",1,2796.07,"No","Actual","Fuga",0.7625
"388",88,"Fem","Soltero",0,68608,"No","Actual","Fuga",0.7625
"389",46,"Masc","Casado",1,44065.4,"Si","Actual","Actual",0.0963855421686747
"390",31,"Fem","Casado",1,99485.3,"No","Actual","Actual",0.159663865546218
"391",60,"Masc","Casado",0,35125,"No","Actual","Actual",0.0963855421686747
"392",57,"Fem","Casado",1,4875.25,"No","Fuga","Fuga",0.7625
"393",71,"Fem","Soltero",0,26435.8,"No","Actual","Fuga",0.7625
"394",41,"Fem","Soltero",2,48271.8,"No","Fuga","Fuga",0.7625
"395",49,"Fem","Casado",2,50290.7,"No","Fuga","Fuga",0.7625
"396",86,"Masc","Casado",1,12713.3,"No","Actual","Actual",0.0963855421686747
"397",94,"Masc","Soltero",0,13946.8,"No","Actual","Actual",0.0963855421686747
"398",19,"Fem","Casado",1,16915.2,"No","Fuga","Fuga",0.875
"399",20,"Masc","Soltero",2,68140.5,"No","Actual","Actual",0.132075471698113
"400",43,"Fem","Soltero",1,77021.7,"No","Fuga","Fuga",0.7625
"401",47,"Masc","Soltero",1,12752.5,"Si","Actual","Actual",0.0963855421686747
"402",68,"Fem","Casado",0,62484.8,"No","Fuga","Fuga",0.7625
"403",49,"Masc","Soltero",0,32358.1,"No","Actual","Actual",0.0963855421686747
"404",61,"Masc","Soltero",0,72385.9,"No","Actual","Actual",0.0963855421686747
"405",71,"Fem","Casado",0,45444,"No","Actual","Fuga",0.7625
"406",36,"Masc","Casado",0,97341.4,"No","Actual","Actual",0.0963855421686747
"407",82,"Masc","Soltero",0,48841.4,"No","Fuga","Actual",0.0963855421686747
"408",34,"Fem","Casado",1,73098.7,"No","Fuga","Actual",0.159663865546218
"409",22,"Fem","Casado",1,25863.8,"No","Fuga","Fuga",0.875
"410",55,"Masc","Soltero",2,33377.3,"No","Actual","Actual",0.0963855421686747
"411",40,"Masc","Soltero",2,33373.9,"No","Actual","Actual",0.0963855421686747
"412",92,"Masc","Soltero",0,79872.6,"No","Actual","Actual",0.0963855421686747
"413",21,"Masc","Soltero",1,48107.2,"No","Actual","Actual",0.132075471698113
"414",36,"Fem","Soltero",1,94083.3,"No","Actual","Actual",0.159663865546218
"415",48,"Masc","Casado",1,3793.73,"No","Actual","Actual",0.0963855421686747
"416",22,"Fem","Soltero",2,14905,"Si","Fuga","Fuga",0.875
"417",43,"Fem","Casado",2,22781.6,"Si","Fuga","Fuga",0.7625
"418",67,"Fem","Soltero",1,9824.75,"No","Actual","Fuga",0.7625
"419",53,"Fem","Soltero",2,11503.8,"Si","Fuga","Fuga",0.7625
"420",34,"Masc","Soltero",2,59753.2,"Si","Actual","Actual",0.0963855421686747
"421",78,"Fem","Casado",0,16840.7,"No","Actual","Fuga",0.7625
"422",27,"Fem","Soltero",2,13094.8,"No","Fuga","Fuga",0.875
"423",65,"Fem","Casado",1,37079.4,"No","Actual","Fuga",0.7625
"424",30,"Fem","Soltero",1,73334.3,"No","Actual","Actual",0.159663865546218
"425",42,"Fem","Casado",0,69458.8,"No","Fuga","Fuga",0.7625
"426",37,"Masc","Soltero",1,13126.9,"No","Actual","Actual",0.0963855421686747
"427",58,"Fem","Casado",1,16350.3,"Si","Actual","Fuga",0.7625
"428",45,"Masc","Casado",0,27170.6,"No","Actual","Actual",0.0963855421686747
"429",50,"Fem","Casado",2,96821.1,"No","Fuga","Fuga",0.7625
"430",94,"Fem","Soltero",1,17540.7,"Si","Fuga","Fuga",0.7625
"431",33,"Masc","Casado",2,80385.4,"No","Actual","Actual",0.0963855421686747
"432",93,"Masc","Soltero",1,4347.25,"No","Actual","Actual",0.0963855421686747
"433",89,"Masc","Soltero",0,51669,"No","Actual","Actual",0.0963855421686747
"434",27,"Masc","Casado",2,16875.9,"Si","Fuga","Fuga",0.710526315789474
"435",20,"Fem","Casado",1,2976.91,"No","Actual","Fuga",0.875
"436",47,"Masc","Soltero",0,4961.5,"Si","Actual","Actual",0.0963855421686747
"437",73,"Fem","Casado",2,5237.63,"No","Fuga","Fuga",0.7625
"438",67,"Masc","Soltero",1,80982.7,"No","Actual","Actual",0.0963855421686747
"439",19,"Fem","Soltero",1,71906.8,"No","Fuga","Actual",0.159663865546218
"440",45,"Fem","Soltero",0,50290.7,"Si","Fuga","Fuga",0.7625
"441",63,"Masc","Casado",2,60644.3,"No","Actual","Actual",0.0963855421686747
"442",37,"Masc","Soltero",2,34524.7,"Si","Actual","Actual",0.0963855421686747
"443",23,"Masc","Soltero",0,12686.9,"No","Fuga","Fuga",0.710526315789474
"444",47,"Fem","Soltero",1,59489,"No","Actual","Fuga",0.7625
"445",31,"Masc","Soltero",2,14690.1,"No","Actual","Actual",0.0963855421686747
"446",76,"Masc","Soltero",1,91607.4,"No","Actual","Actual",0.0963855421686747
"447",83,"Fem","Soltero",2,76845.3,"Si","Fuga","Fuga",0.7625
"448",21,"Fem","Casado",2,82056.6,"No","Actual","Actual",0.159663865546218
"449",18,"Fem","Casado",2,64726.8,"No","Actual","Actual",0.159663865546218
"450",35,"Masc","Casado",2,42623.5,"No","Actual","Actual",0.0963855421686747
"451",77,"Fem","Soltero",1,37331.2,"No","Actual","Fuga",0.7625
"452",29,"Fem","Casado",2,79960,"No","Actual","Actual",0.159663865546218
"453",93,"Masc","Soltero",0,93302.9,"No","Actual","Actual",0.0963855421686747
"454",39,"Fem","Casado",2,47902,"No","Actual","Actual",0.159663865546218
"455",39,"Masc","Soltero",2,32272.7,"No","Actual","Actual",0.0963855421686747
"456",70,"Fem","Soltero",0,58384.3,"No","Fuga","Fuga",0.7625
"457",96,"Masc","Casado",1,2502.74,"No","Actual","Actual",0.0963855421686747
"458",47,"Fem","Casado",0,79721.1,"No","Fuga","Fuga",0.7625
"459",97,"Masc","Casado",2,40844.4,"No","Actual","Actual",0.0963855421686747
"460",79,"Fem","Casado",0,8090.4,"Si","Fuga","Fuga",0.7625
"461",68,"Masc","Soltero",1,57322.1,"Si","Fuga","Actual",0.0963855421686747
"462",20,"Masc","Casado",0,69444.5,"No","Fuga","Actual",0.132075471698113
"463",51,"Masc","Casado",0,64313,"No","Actual","Actual",0.0963855421686747
"464",40,"Masc","Soltero",2,88943.9,"No","Actual","Actual",0.0963855421686747
"465",39,"Masc","Soltero",1,50126.8,"No","Actual","Actual",0.0963855421686747
"466",21,"Fem","Soltero",0,45612.9,"No","Actual","Actual",0.159663865546218
"467",27,"Fem","Soltero",1,92718.6,"No","Actual","Actual",0.159663865546218
"468",68,"Masc","Soltero",2,17047.2,"Si","Actual","Actual",0.0963855421686747
"469",64,"Fem","Soltero",1,7737.94,"No","Fuga","Fuga",0.7625
"470",51,"Fem","Casado",2,59613.1,"No","Fuga","Fuga",0.7625
"471",92,"Masc","Soltero",1,57904.4,"No","Fuga","Actual",0.0963855421686747
"472",97,"Masc","Casado",2,88146.4,"No","Actual","Actual",0.0963855421686747
"473",27,"Masc","Soltero",1,86608.5,"No","Actual","Actual",0.132075471698113
"474",72,"Fem","Casado",0,78851.3,"No","Fuga","Fuga",0.7625
"475",87,"Fem","Casado",1,3624.7,"No","Fuga","Fuga",0.7625
"476",57,"Fem","Casado",1,36016.9,"No","Fuga","Fuga",0.7625
"477",76,"Fem","Casado",2,42031.8,"No","Actual","Fuga",0.7625
"478",39,"Masc","Casado",1,39229.1,"No","Fuga","Actual",0.0963855421686747
"479",42,"Masc","Casado",0,57042.2,"No","Actual","Actual",0.0963855421686747
"480",74,"Masc","Soltero",1,94449.5,"No","Actual","Actual",0.0963855421686747
"481",45,"Fem","Casado",2,67085.4,"No","Fuga","Fuga",0.7625
"482",28,"Fem","Soltero",1,4972.89,"No","Fuga","Fuga",0.875
"483",67,"Masc","Casado",0,26369.2,"No","Actual","Actual",0.0963855421686747
"484",73,"Fem","Casado",2,35976.5,"Si","Fuga","Fuga",0.7625
"485",92,"Fem","Casado",1,77129.1,"Si","Fuga","Fuga",0.7625
"486",79,"Fem","Casado",2,8204.72,"No","Fuga","Fuga",0.7625
"487",59,"Masc","Casado",2,40714.5,"No","Actual","Actual",0.0963855421686747
"488",75,"Masc","Casado",1,97180.4,"No","Fuga","Actual",0.0963855421686747
"489",68,"Fem","Casado",2,50290.7,"No","Fuga","Fuga",0.7625
"490",23,"Fem","Casado",0,869.57,"No","Fuga","Fuga",0.875
"491",52,"Fem","Casado",1,70002.4,"No","Fuga","Fuga",0.7625
"492",82,"Masc","Soltero",0,37498.2,"Si","Actual","Actual",0.0963855421686747
"493",31,"Masc","Casado",0,51015.7,"Si","Actual","Actual",0.0963855421686747
"494",96,"Masc","Soltero",2,29835.9,"Si","Actual","Actual",0.0963855421686747
"495",80,"Masc","Soltero",1,13141.5,"No","Actual","Actual",0.0963855421686747
"496",86,"Fem","Soltero",0,69350.5,"Si","Actual","Fuga",0.7625
"497",97,"Fem","Casado",1,51812.2,"No","Fuga","Fuga",0.7625
"498",82,"Fem","Casado",1,49453.8,"No","Actual","Fuga",0.7625
"499",62,"Fem","Soltero",2,28787.4,"No","Actual","Fuga",0.7625
"500",79,"Fem","Soltero",1,94278.7,"Si","Actual","Fuga",0.7625
"501",58,"Masc","Soltero",2,12160.7,"No","Actual","Actual",0.0963855421686747
"502",35,"Fem","Casado",0,80659.1,"No","Actual","Actual",0.159663865546218
"503",57,"Masc","Casado",1,35075,"No","Actual","Actual",0.0963855421686747
"504",23,"Masc","Casado",1,43457.9,"No","Actual","Actual",0.132075471698113
"505",44,"Masc","Soltero",1,82314.1,"Si","Actual","Actual",0.0963855421686747
"506",93,"Fem","Soltero",1,13109.1,"No","Actual","Fuga",0.7625
"507",71,"Masc","Casado",2,51493,"Si","Actual","Actual",0.0963855421686747
"508",65,"Fem","Casado",0,17700.4,"No","Fuga","Fuga",0.7625
"509",88,"Masc","Casado",1,13091.6,"No","Actual","Actual",0.0963855421686747
"510",55,"Fem","Casado",0,91708.4,"No","Actual","Fuga",0.7625
"511",28,"Fem","Soltero",0,64335,"Si","Actual","Actual",0.159663865546218
"512",88,"Masc","Soltero",2,6704.78,"No","Actual","Actual",0.0963855421686747
"513",45,"Fem","Soltero",1,92187.1,"Si","Fuga","Fuga",0.7625
"514",69,"Masc","Casado",1,38302.7,"No","Actual","Actual",0.0963855421686747
"515",54,"Fem","Casado",1,40027.6,"Si","Fuga","Fuga",0.7625
"516",26,"Masc","Soltero",1,85774.3,"No","Fuga","Actual",0.132075471698113
"517",51,"Fem","Soltero",2,2638.11,"Si","Fuga","Fuga",0.7625
"518",61,"Fem","Casado",0,10878.5,"No","Fuga","Fuga",0.7625
"519",34,"Fem","Soltero",1,30234.8,"No","Fuga","Actual",0.0882352941176471
"520",62,"Fem","Soltero",2,13965.4,"No","Fuga","Fuga",0.7625
"521",64,"Fem","Soltero",1,45495,"No","Fuga","Fuga",0.7625
"522",63,"Fem","Casado",1,22198.1,"Si","Fuga","Fuga",0.7625
"523",21,"Fem","Casado",1,64557.8,"Si","Actual","Actual",0.159663865546218
"524",68,"Fem","Casado",2,62061.8,"Si","Actual","Fuga",0.7625
"525",48,"Fem","Soltero",0,76142,"No","Actual","Fuga",0.7625
"526",47,"Fem","Casado",1,53298.7,"No","Fuga","Fuga",0.7625
"527",67,"Masc","Casado",0,78319.3,"No","Actual","Actual",0.0963855421686747
"528",79,"Masc","Casado",0,34994.1,"No","Actual","Actual",0.0963855421686747
"529",81,"Masc","Soltero",1,97205.2,"No","Actual","Actual",0.0963855421686747
"530",84,"Fem","Soltero",0,77462,"No","Fuga","Fuga",0.7625
"531",62,"Masc","Casado",2,17888.7,"No","Actual","Actual",0.0963855421686747
"532",36,"Masc","Soltero",1,38348.1,"No","Actual","Actual",0.0963855421686747
"533",18,"Fem","Casado",0,28770.9,"No","Fuga","Fuga",0.875
"534",21,"Fem","Casado",2,30763.8,"Si","Fuga","Fuga",0.875
"535",81,"Fem","Casado",2,3193.6,"No","Fuga","Fuga",0.7625
"536",41,"Fem","Casado",0,33520.9,"No","Fuga","Fuga",0.7625
"537",56,"Fem","Casado",0,11268.3,"Si","Fuga","Fuga",0.7625
"538",85,"Masc","Soltero",1,79688.7,"No","Actual","Actual",0.0963855421686747
"539",28,"Masc","Soltero",2,88063.2,"Si","Actual","Actual",0.132075471698113
"540",89,"Fem","Casado",0,62229.6,"No","Fuga","Fuga",0.7625
"541",31,"Fem","Soltero",0,41856.2,"No","Actual","Actual",0.159663865546218
"542",28,"Masc","Casado",2,2056.06,"Si","Fuga","Fuga",0.710526315789474
"543",95,"Masc","Soltero",0,38872.3,"No","Fuga","Actual",0.0963855421686747
"544",39,"Masc","Casado",1,89928.5,"No","Actual","Actual",0.0963855421686747
"545",37,"Fem","Soltero",0,74018.4,"Si","Actual","Actual",0.159663865546218
"546",30,"Masc","Casado",0,15819.6,"No","Actual","Actual",0.0963855421686747
"547",96,"Masc","Soltero",2,25826.4,"No","Actual","Actual",0.0963855421686747
"548",39,"Masc","Soltero",2,18569.2,"No","Actual","Actual",0.0963855421686747
"549",97,"Masc","Soltero",0,27498.1,"No","Actual","Actual",0.0963855421686747
"550",62,"Fem","Casado",0,37121.7,"Si","Fuga","Fuga",0.7625
"551",30,"Masc","Soltero",2,23464,"Si","Actual","Actual",0.0963855421686747
"552",54,"Fem","Casado",0,69641.6,"No","Actual","Fuga",0.7625
"553",37,"Masc","Casado",2,91272.2,"Si","Actual","Actual",0.0963855421686747
"554",59,"Fem","Casado",1,77374.6,"Si","Fuga","Fuga",0.7625
"555",56,"Masc","Casado",2,85275,"No","Actual","Actual",0.0963855421686747
"556",36,"Fem","Casado",2,47639.1,"No","Actual","Actual",0.159663865546218
"557",39,"Fem","Casado",0,86770.4,"No","Fuga","Actual",0.159663865546218
"558",27,"Fem","Casado",2,53067.2,"Si","Actual","Actual",0.159663865546218
"559",81,"Fem","Casado",0,71816.1,"Si","Actual","Fuga",0.7625
"560",84,"Fem","Soltero",1,60362.1,"No","Fuga","Fuga",0.7625
"561",60,"Fem","Soltero",0,93322.1,"Si","Actual","Fuga",0.7625
"562",96,"Masc","Casado",1,8663.42,"No","Actual","Actual",0.0963855421686747
"563",54,"Masc","Casado",2,23537.6,"Si","Actual","Actual",0.0963855421686747
"564",44,"Masc","Casado",1,91008.7,"Si","Actual","Actual",0.0963855421686747
"565",26,"Masc","Soltero",1,31166.6,"No","Fuga","Fuga",0.710526315789474
"566",54,"Masc","Casado",0,52284.7,"No","Actual","Actual",0.0963855421686747
"567",94,"Fem","Casado",1,87404.6,"No","Fuga","Fuga",0.7625
"568",35,"Masc","Soltero",0,63782.6,"No","Actual","Actual",0.0963855421686747
"569",77,"Masc","Casado",2,49910.7,"Si","Actual","Actual",0.0963855421686747
"570",48,"Fem","Casado",0,98129,"No","Fuga","Fuga",0.7625
"571",66,"Masc","Casado",2,76161.4,"Si","Actual","Actual",0.0963855421686747
"572",97,"Fem","Soltero",1,12686,"No","Fuga","Fuga",0.7625
"573",62,"Masc","Casado",0,56702.5,"No","Actual","Actual",0.0963855421686747
"574",18,"Fem","Casado",1,67112.7,"No","Actual","Actual",0.159663865546218
"575",51,"Masc","Casado",1,64880,"No","Actual","Actual",0.0963855421686747
"576",34,"Fem","Soltero",1,51472.3,"Si","Actual","Actual",0.159663865546218
"577",71,"Masc","Soltero",0,12860.5,"No","Actual","Actual",0.0963855421686747
"578",30,"Fem","Casado",2,85394,"Si","Fuga","Actual",0.159663865546218
"579",18,"Masc","Soltero",2,87708,"No","Actual","Actual",0.132075471698113
"580",75,"Fem","Casado",2,25738.4,"No","Fuga","Fuga",0.7625
"581",84,"Masc","Casado",0,50290.7,"No","Actual","Actual",0.0963855421686747
"582",48,"Masc","Soltero",0,12134.7,"Si","Actual","Actual",0.0963855421686747
"583",43,"Fem","Soltero",1,86252.8,"Si","Fuga","Fuga",0.7625
"584",94,"Masc","Casado",0,87630.5,"Si","Actual","Actual",0.0963855421686747
"585",19,"Masc","Casado",2,92981.2,"Si","Actual","Actual",0.132075471698113
"586",75,"Masc","Casado",2,71035.4,"No","Actual","Actual",0.0963855421686747
"587",78,"Fem","Casado",2,26449.8,"Si","Fuga","Fuga",0.7625
"588",26,"Masc","Soltero",1,76074.1,"Si","Actual","Actual",0.132075471698113
"589",90,"Fem","Casado",1,56722.8,"No","Fuga","Fuga",0.7625
"590",39,"Fem","Casado",1,23012.6,"No","Actual","Actual",0.0882352941176471
"591",23,"Fem","Soltero",2,48162,"No","Actual","Actual",0.159663865546218
"592",22,"Masc","Soltero",1,27778.2,"No","Fuga","Fuga",0.710526315789474
"593",37,"Fem","Soltero",0,71570.3,"No","Actual","Actual",0.159663865546218
"594",83,"Fem","Casado",0,98056.3,"No","Fuga","Fuga",0.7625
"595",53,"Masc","Soltero",1,76394,"No","Actual","Actual",0.0963855421686747
"596",79,"Fem","Casado",2,87297.9,"Si","Fuga","Fuga",0.7625
"597",38,"Fem","Casado",0,56518.4,"Si","Actual","Actual",0.159663865546218
"598",92,"Masc","Soltero",2,8014.59,"No","Actual","Actual",0.0963855421686747
"599",87,"Fem","Soltero",0,59232.8,"No","Fuga","Fuga",0.7625
"600",76,"Masc","Casado",1,72996,"No","Actual","Actual",0.0963855421686747
"601",29,"Masc","Casado",1,69294.7,"Si","Actual","Actual",0.132075471698113
"602",61,"Masc","Soltero",0,5898.9,"No","Actual","Actual",0.0963855421686747
"603",50,"Masc","Casado",2,14543.1,"No","Actual","Actual",0.0963855421686747
"604",25,"Masc","Casado",0,52366.4,"Si","Actual","Actual",0.132075471698113
"605",56,"Fem","Soltero",1,49553.9,"Si","Fuga","Fuga",0.7625
"606",58,"Fem","Soltero",1,540.406,"Si","Actual","Fuga",0.7625
"607",57,"Fem","Casado",0,57255.4,"No","Fuga","Fuga",0.7625
"608",22,"Fem","Soltero",1,71941.5,"Si","Fuga","Actual",0.159663865546218
"609",83,"Masc","Soltero",2,65330.2,"Si","Actual","Actual",0.0963855421686747
"610",25,"Masc","Casado",2,67339.8,"No","Actual","Actual",0.132075471698113
"611",79,"Fem","Soltero",2,15688.5,"No","Fuga","Fuga",0.7625
"612",53,"Fem","Soltero",1,68767,"Si","Fuga","Fuga",0.7625
"613",78,"Fem","Casado",2,92103.8,"No","Fuga","Fuga",0.7625
"614",55,"Fem","Soltero",2,8392.14,"Si","Fuga","Fuga",0.7625
"615",32,"Fem","Casado",2,16705.6,"No","Actual","Actual",0.0882352941176471
"616",48,"Masc","Casado",2,69005.6,"No","Actual","Actual",0.0963855421686747
"617",68,"Fem","Casado",1,81641.2,"Si","Actual","Fuga",0.7625
"618",40,"Masc","Casado",1,62789.9,"No","Actual","Actual",0.0963855421686747
"619",54,"Masc","Soltero",1,13428.5,"No","Actual","Actual",0.0963855421686747
"620",41,"Fem","Casado",1,3920.43,"Si","Actual","Fuga",0.7625
"621",77,"Masc","Casado",1,31841.7,"Si","Actual","Actual",0.0963855421686747
"622",27,"Fem","Casado",2,22137,"No","Fuga","Fuga",0.875
"623",74,"Masc","Casado",2,70908.7,"No","Fuga","Actual",0.0963855421686747
"624",66,"Fem","Casado",2,67239.4,"No","Fuga","Fuga",0.7625
"625",70,"Masc","Casado",1,69406.7,"Si","Fuga","Actual",0.0963855421686747
"626",76,"Fem","Casado",2,83259.3,"No","Fuga","Fuga",0.7625
"627",33,"Masc","Casado",1,78877.5,"No","Actual","Actual",0.0963855421686747
"628",54,"Masc","Casado",0,68438.3,"No","Actual","Actual",0.0963855421686747
"629",67,"Masc","Soltero",0,9448.62,"Si","Actual","Actual",0.0963855421686747
"630",34,"Masc","Soltero",2,60095.2,"Si","Actual","Actual",0.0963855421686747
"631",19,"Masc","Casado",1,20818.5,"No","Fuga","Fuga",0.710526315789474
"632",82,"Fem","Casado",1,11895.7,"No","Fuga","Fuga",0.7625
"633",97,"Fem","Casado",1,51261.9,"Si","Fuga","Fuga",0.7625
"634",93,"Masc","Casado",1,76511.3,"No","Fuga","Actual",0.0963855421686747
"635",86,"Fem","Soltero",2,84453.1,"No","Actual","Fuga",0.7625
"636",73,"Fem","Casado",2,33607,"No","Fuga","Fuga",0.7625
"637",73,"Fem","Casado",1,84601.4,"No","Fuga","Fuga",0.7625
"638",50,"Masc","Soltero",2,86905.4,"Si","Actual","Actual",0.0963855421686747
"639",87,"Fem","Soltero",2,96025.5,"No","Fuga","Fuga",0.7625
"640",23,"Masc","Casado",2,24457.6,"Si","Fuga","Fuga",0.710526315789474
"641",71,"Masc","Casado",2,36439.8,"Si","Actual","Actual",0.0963855421686747
"642",24,"Fem","Soltero",2,98226.2,"Si","Actual","Actual",0.159663865546218
"643",86,"Masc","Soltero",1,94188.3,"No","Actual","Actual",0.0963855421686747
"644",55,"Fem","Casado",0,25080.6,"Si","Fuga","Fuga",0.7625
"645",69,"Fem","Casado",2,63670.8,"Si","Fuga","Fuga",0.7625
"646",40,"Masc","Soltero",0,5282.6,"No","Fuga","Actual",0.0963855421686747
"647",79,"Fem","Soltero",0,77644.1,"No","Actual","Fuga",0.7625
"648",78,"Masc","Soltero",0,80693.1,"No","Actual","Actual",0.0963855421686747
"649",46,"Fem","Casado",0,50290.7,"Si","Fuga","Fuga",0.7625
"650",40,"Fem","Casado",2,91051,"Si","Fuga","Fuga",0.7625
"651",41,"Fem","Casado",0,89915,"No","Fuga","Fuga",0.7625
"652",70,"Masc","Soltero",2,14799.8,"No","Actual","Actual",0.0963855421686747
"653",70,"Masc","Casado",1,74381.5,"No","Fuga","Actual",0.0963855421686747
"654",83,"Masc","Casado",1,9132.91,"No","Actual","Actual",0.0963855421686747
"655",77,"Masc","Casado",2,29277.8,"No","Actual","Actual",0.0963855421686747
"656",91,"Fem","Casado",0,99309,"No","Fuga","Fuga",0.7625
"657",73,"Fem","Soltero",0,78564.7,"No","Actual","Fuga",0.7625
"658",49,"Masc","Soltero",1,63230.3,"No","Actual","Actual",0.0963855421686747
"659",56,"Masc","Soltero",1,98533.3,"No","Actual","Actual",0.0963855421686747
"660",79,"Fem","Casado",0,50530.8,"No","Fuga","Fuga",0.7625
"661",91,"Fem","Casado",2,8502.99,"No","Fuga","Fuga",0.7625
"662",46,"Masc","Soltero",0,14865.8,"Si","Actual","Actual",0.0963855421686747
"663",47,"Masc","Casado",0,84743.7,"Si","Actual","Actual",0.0963855421686747
"664",89,"Masc","Casado",2,64009.7,"No","Actual","Actual",0.0963855421686747
"665",84,"Masc","Casado",0,20159.5,"No","Fuga","Actual",0.0963855421686747
"666",73,"Fem","Soltero",2,85184.6,"No","Fuga","Fuga",0.7625
"667",77,"Fem","Casado",0,17021.6,"No","Fuga","Fuga",0.7625
"668",43,"Fem","Soltero",0,96854.3,"No","Fuga","Fuga",0.7625
"669",93,"Fem","Soltero",1,31240.3,"Si","Actual","Fuga",0.7625
"670",25,"Fem","Soltero",2,61463.7,"No","Actual","Actual",0.159663865546218
"671",97,"Masc","Casado",1,9148.27,"No","Actual","Actual",0.0963855421686747
"672",36,"Fem","Soltero",0,58488.3,"Si","Actual","Actual",0.159663865546218
"673",25,"Masc","Casado",0,4592.8,"No","Fuga","Fuga",0.710526315789474
"674",61,"Fem","Casado",2,30998.8,"No","Actual","Fuga",0.7625
"675",64,"Masc","Casado",1,36510.9,"No","Actual","Actual",0.0963855421686747
"676",88,"Masc","Casado",1,43378.2,"No","Actual","Actual",0.0963855421686747
"677",18,"Masc","Casado",1,76137.8,"No","Actual","Actual",0.132075471698113
"678",72,"Fem","Soltero",2,63291.1,"Si","Fuga","Fuga",0.7625
"679",92,"Masc","Casado",1,81271.1,"No","Actual","Actual",0.0963855421686747
"680",40,"Fem","Casado",0,47750.4,"Si","Fuga","Fuga",0.7625
"681",88,"Masc","Casado",2,71686.2,"Si","Actual","Actual",0.0963855421686747
"682",29,"Fem","Soltero",1,73874.1,"Si","Actual","Actual",0.159663865546218
"683",21,"Masc","Soltero",0,15924.2,"No","Actual","Fuga",0.710526315789474
"684",67,"Masc","Casado",0,93201.3,"No","Actual","Actual",0.0963855421686747
"685",74,"Masc","Soltero",1,18064.4,"Si","Actual","Actual",0.0963855421686747
"686",61,"Fem","Soltero",0,45667.1,"Si","Fuga","Fuga",0.7625
"687",77,"Masc","Soltero",0,73850,"No","Actual","Actual",0.0963855421686747
"688",21,"Fem","Soltero",2,21709.7,"No","Fuga","Fuga",0.875
"689",71,"Fem","Casado",2,49745.3,"No","Actual","Fuga",0.7625
"690",32,"Masc","Soltero",1,54164.9,"No","Actual","Actual",0.0963855421686747
"691",52,"Fem","Soltero",0,15906,"Si","Fuga","Fuga",0.7625
"692",78,"Fem","Casado",0,50290.7,"No","Actual","Fuga",0.7625
"693",84,"Fem","Casado",1,83850.5,"Si","Fuga","Fuga",0.7625
"694",35,"Fem","Casado",2,50968.9,"No","Fuga","Actual",0.159663865546218
"695",38,"Fem","Casado",2,60060.5,"No","Actual","Actual",0.159663865546218
"696",33,"Fem","Soltero",0,36486.4,"No","Actual","Actual",0.0882352941176471
"697",56,"Fem","Casado",1,87302.6,"No","Fuga","Fuga",0.7625
"698",20,"Fem","Soltero",2,43046.4,"Si","Actual","Actual",0.159663865546218
"699",20,"Fem","Casado",2,88427,"No","Actual","Actual",0.159663865546218
"700",45,"Masc","Casado",2,37877.6,"No","Actual","Actual",0.0963855421686747
"701",19,"Masc","Soltero",0,5930.86,"Si","Fuga","Fuga",0.710526315789474
"702",58,"Masc","Casado",2,61334.8,"Si","Actual","Actual",0.0963855421686747
"703",85,"Fem","Soltero",0,16175.6,"No","Fuga","Fuga",0.7625
"704",90,"Fem","Soltero",2,97445.2,"Si","Fuga","Fuga",0.7625
"705",85,"Masc","Soltero",2,75639.8,"No","Actual","Actual",0.0963855421686747
"706",58,"Masc","Casado",1,32981.6,"Si","Actual","Actual",0.0963855421686747
"707",94,"Masc","Casado",0,83876.4,"Si","Fuga","Actual",0.0963855421686747
"708",90,"Masc","Soltero",2,81997,"No","Actual","Actual",0.0963855421686747
"709",37,"Masc","Soltero",0,83378.3,"Si","Actual","Actual",0.0963855421686747
"710",31,"Fem","Casado",1,82388.2,"No","Actual","Actual",0.159663865546218
"711",64,"Masc","Casado",2,80289.1,"No","Actual","Actual",0.0963855421686747
"712",86,"Fem","Casado",2,23816.6,"Si","Fuga","Fuga",0.7625
"713",26,"Fem","Soltero",0,41340.6,"No","Actual","Actual",0.159663865546218
"714",34,"Fem","Soltero",2,90856.9,"No","Actual","Actual",0.159663865546218
"715",39,"Fem","Soltero",0,58623.8,"No","Actual","Actual",0.159663865546218
"716",48,"Fem","Casado",2,95429.7,"No","Fuga","Fuga",0.7625
"717",59,"Fem","Soltero",2,59478.8,"No","Fuga","Fuga",0.7625
"718",38,"Masc","Casado",1,50535.8,"Si","Actual","Actual",0.0963855421686747
"719",62,"Masc","Casado",2,33361.3,"Si","Actual","Actual",0.0963855421686747
"720",56,"Fem","Casado",0,50290.7,"No","Fuga","Fuga",0.7625
"721",39,"Masc","Casado",0,110.284,"No","Actual","Actual",0.0963855421686747
"722",32,"Masc","Soltero",2,5565.43,"Si","Actual","Actual",0.0963855421686747
"723",71,"Fem","Casado",2,80844.5,"No","Fuga","Fuga",0.7625
"724",67,"Fem","Casado",2,88177.1,"Si","Fuga","Fuga",0.7625
"725",71,"Masc","Casado",0,37113.6,"No","Actual","Actual",0.0963855421686747
"726",58,"Masc","Casado",1,4054.55,"Si","Actual","Actual",0.0963855421686747
"727",61,"Fem","Soltero",1,32533.9,"No","Fuga","Fuga",0.7625
"728",21,"Masc","Casado",2,61825.5,"No","Actual","Actual",0.132075471698113
"729",35,"Masc","Casado",1,38997.7,"No","Actual","Actual",0.0963855421686747
"730",61,"Masc","Casado",1,15865.5,"No","Actual","Actual",0.0963855421686747
"731",53,"Masc","Soltero",1,37111.5,"Si","Actual","Actual",0.0963855421686747
"732",73,"Fem","Casado",2,87182.7,"Si","Fuga","Fuga",0.7625
"733",95,"Masc","Casado",0,60101.1,"Si","Actual","Actual",0.0963855421686747
"734",89,"Fem","Casado",2,74628.1,"No","Fuga","Fuga",0.7625
"735",39,"Fem","Casado",1,13829.4,"No","Actual","Actual",0.0882352941176471
"736",75,"Fem","Soltero",0,48755.1,"No","Fuga","Fuga",0.7625
"737",33,"Fem","Soltero",1,68339.3,"No","Actual","Actual",0.159663865546218
"738",25,"Fem","Casado",0,98433.8,"No","Fuga","Actual",0.159663865546218
"739",64,"Masc","Soltero",0,79937.2,"Si","Actual","Actual",0.0963855421686747
"740",87,"Masc","Soltero",0,32683.9,"Si","Actual","Actual",0.0963855421686747
"741",61,"Masc","Soltero",2,88408.2,"No","Actual","Actual",0.0963855421686747
"742",32,"Masc","Casado",2,70722.3,"No","Actual","Actual",0.0963855421686747
"743",48,"Masc","Soltero",0,88044.4,"No","Actual","Actual",0.0963855421686747
"744",97,"Fem","Casado",1,95971.9,"Si","Fuga","Fuga",0.7625
"745",87,"Fem","Casado",1,50290.7,"Si","Fuga","Fuga",0.7625
"746",57,"Masc","Soltero",1,41153.9,"No","Actual","Actual",0.0963855421686747
"747",60,"Masc","Soltero",0,3184.42,"No","Actual","Actual",0.0963855421686747
"748",63,"Masc","Casado",0,97603.6,"Si","Actual","Actual",0.0963855421686747
"749",74,"Fem","Soltero",2,60744.4,"No","Actual","Fuga",0.7625
"750",41,"Masc","Casado",0,63985,"Si","Actual","Actual",0.0963855421686747
"751",63,"Fem","Soltero",0,19854.2,"Si","Fuga","Fuga",0.7625
"752",34,"Fem","Casado",0,17703.5,"No","Actual","Actual",0.0882352941176471
"753",85,"Masc","Soltero",1,91100.6,"No","Actual","Actual",0.0963855421686747
"754",35,"Masc","Soltero",0,25938.5,"Si","Actual","Actual",0.0963855421686747
"755",79,"Fem","Soltero",0,7379.6,"Si","Fuga","Fuga",0.7625
"756",53,"Fem","Casado",2,19778.9,"Si","Fuga","Fuga",0.7625
"757",46,"Masc","Casado",2,60459.6,"No","Actual","Actual",0.0963855421686747
"758",66,"Masc","Soltero",0,57122.2,"Si","Fuga","Actual",0.0963855421686747
"759",29,"Fem","Casado",0,58267.3,"No","Actual","Actual",0.159663865546218
"760",77,"Fem","Soltero",0,70460.3,"Si","Fuga","Fuga",0.7625
"761",67,"Fem","Casado",2,98217.1,"No","Actual","Fuga",0.7625
"762",96,"Fem","Soltero",1,32005.6,"Si","Fuga","Fuga",0.7625
"763",97,"Masc","Casado",1,5723.09,"No","Actual","Actual",0.0963855421686747
"764",48,"Fem","Soltero",1,55035.5,"No","Fuga","Fuga",0.7625
"765",94,"Masc","Soltero",2,14309.1,"No","Actual","Actual",0.0963855421686747
"766",85,"Fem","Soltero",0,66502.3,"No","Fuga","Fuga",0.7625
"767",55,"Masc","Soltero",0,30751.8,"No","Actual","Actual",0.0963855421686747
"768",27,"Masc","Soltero",0,86631.9,"No","Actual","Actual",0.132075471698113
"769",71,"Fem","Soltero",0,40519.3,"No","Fuga","Fuga",0.7625
"770",75,"Fem","Soltero",1,36939.7,"Si","Fuga","Fuga",0.7625
"771",41,"Masc","Casado",1,40081.2,"Si","Actual","Actual",0.0963855421686747
"772",84,"Masc","Casado",1,68273.3,"No","Actual","Actual",0.0963855421686747
"773",56,"Fem","Soltero",0,42795.9,"Si","Fuga","Fuga",0.7625
"774",94,"Masc","Casado",2,1140.26,"No","Actual","Actual",0.0963855421686747
"775",66,"Fem","Casado",2,41876.6,"Si","Actual","Fuga",0.7625
"776",20,"Fem","Casado",2,59758.4,"No","Actual","Actual",0.159663865546218
"777",52,"Fem","Casado",0,8370.36,"No","Actual","Fuga",0.7625
"778",65,"Fem","Casado",1,7790.55,"No","Fuga","Fuga",0.7625
"779",41,"Fem","Soltero",2,27336.6,"No","Fuga","Fuga",0.7625
"780",49,"Fem","Soltero",0,64727.5,"No","Actual","Fuga",0.7625
"781",60,"Fem","Soltero",2,95930.6,"Si","Fuga","Fuga",0.7625
"782",34,"Masc","Soltero",0,50290.7,"No","Actual","Actual",0.0963855421686747
"783",49,"Masc","Casado",1,20478.6,"No","Fuga","Actual",0.0963855421686747
"784",20,"Fem","Casado",0,72626.4,"Si","Actual","Actual",0.159663865546218
"785",97,"Masc","Casado",0,96223.4,"Si","Actual","Actual",0.0963855421686747
"786",93,"Masc","Soltero",1,28485.7,"No","Actual","Actual",0.0963855421686747
"787",30,"Fem","Casado",1,69341.7,"No","Fuga","Actual",0.159663865546218
"788",60,"Masc","Casado",2,94329.6,"No","Actual","Actual",0.0963855421686747
"789",60,"Masc","Casado",2,67933.8,"No","Actual","Actual",0.0963855421686747
"790",91,"Masc","Casado",0,17527.3,"No","Actual","Actual",0.0963855421686747
"791",24,"Fem","Casado",1,88663.4,"No","Actual","Actual",0.159663865546218
"792",57,"Masc","Soltero",2,91136.2,"No","Actual","Actual",0.0963855421686747
"793",38,"Masc","Soltero",2,52600,"No","Actual","Actual",0.0963855421686747
"794",50,"Masc","Casado",2,94902.6,"No","Actual","Actual",0.0963855421686747
"795",77,"Masc","Casado",2,68704.3,"Si","Actual","Actual",0.0963855421686747
"796",51,"Fem","Casado",1,78231,"No","Fuga","Fuga",0.7625
"797",33,"Fem","Casado",2,28746.8,"No","Actual","Actual",0.0882352941176471
"798",58,"Fem","Casado",1,62260.2,"No","Fuga","Fuga",0.7625
"799",43,"Masc","Casado",0,12439.4,"No","Actual","Actual",0.0963855421686747
"800",33,"Fem","Casado",0,60170.1,"No","Fuga","Actual",0.159663865546218
"801",22,"Masc","Casado",1,57348.8,"No","Actual","Actual",0.132075471698113
"802",19,"Masc","Casado",2,42630,"Si","Actual","Actual",0.132075471698113
"803",57,"Fem","Casado",2,64977.4,"No","Actual","Fuga",0.7625
"804",44,"Fem","Soltero",2,36824.5,"No","Fuga","Fuga",0.7625
"805",28,"Fem","Soltero",2,39223.2,"Si","Fuga","Fuga",0.875
"806",39,"Masc","Casado",0,42700.5,"Si","Actual","Actual",0.0963855421686747
"807",93,"Masc","Soltero",0,38248.3,"No","Actual","Actual",0.0963855421686747
"808",92,"Masc","Casado",1,95020.4,"Si","Actual","Actual",0.0963855421686747
"809",84,"Masc","Casado",0,46514.2,"Si","Actual","Actual",0.0963855421686747
"810",50,"Masc","Casado",1,19301.3,"Si","Actual","Actual",0.0963855421686747
"811",73,"Masc","Soltero",0,1259.01,"Si","Actual","Actual",0.0963855421686747
"812",64,"Fem","Soltero",1,53357.2,"No","Fuga","Fuga",0.7625
"813",80,"Fem","Soltero",0,65209.6,"Si","Fuga","Fuga",0.7625
"814",37,"Fem","Soltero",0,5978.89,"Si","Actual","Actual",0.0882352941176471
"815",78,"Masc","Casado",0,92198.8,"No","Actual","Actual",0.0963855421686747
"816",97,"Masc","Casado",1,63394.9,"No","Actual","Actual",0.0963855421686747
"817",42,"Fem","Soltero",1,86021.7,"Si","Fuga","Fuga",0.7625
"818",53,"Fem","Soltero",2,26107.5,"No","Fuga","Fuga",0.7625
"819",45,"Fem","Casado",0,59008.4,"Si","Actual","Fuga",0.7625
"820",64,"Fem","Casado",0,6528.38,"Si","Fuga","Fuga",0.7625
"821",52,"Masc","Soltero",0,54622.3,"No","Fuga","Actual",0.0963855421686747
"822",47,"Masc","Soltero",0,64295.2,"Si","Actual","Actual",0.0963855421686747
"823",79,"Masc","Casado",0,26074.5,"No","Fuga","Actual",0.0963855421686747
"824",60,"Masc","Casado",1,20552.6,"No","Actual","Actual",0.0963855421686747
"825",37,"Fem","Soltero",0,47732,"Si","Actual","Actual",0.159663865546218
"826",71,"Masc","Casado",1,98967.7,"No","Actual","Actual",0.0963855421686747
"827",76,"Masc","Casado",0,14271.8,"No","Actual","Actual",0.0963855421686747
"828",44,"Fem","Casado",1,7700.73,"No","Fuga","Fuga",0.7625
"829",35,"Masc","Casado",1,32238.2,"No","Actual","Actual",0.0963855421686747
"830",97,"Fem","Casado",0,2902.34,"No","Fuga","Fuga",0.7625
"831",73,"Fem","Casado",0,61438.2,"No","Fuga","Fuga",0.7625
"832",26,"Masc","Soltero",1,72649.3,"No","Actual","Actual",0.132075471698113
"833",85,"Masc","Soltero",2,25353.4,"Si","Actual","Actual",0.0963855421686747
"834",79,"Masc","Casado",2,5265.35,"No","Actual","Actual",0.0963855421686747
"835",86,"Fem","Casado",1,53357.9,"Si","Fuga","Fuga",0.7625
"836",33,"Fem","Soltero",2,59573,"No","Actual","Actual",0.159663865546218
"837",97,"Fem","Soltero",0,84479.2,"No","Actual","Fuga",0.7625
"838",27,"Masc","Casado",2,89781.4,"Si","Actual","Actual",0.132075471698113
"839",40,"Masc","Soltero",1,66296.1,"No","Actual","Actual",0.0963855421686747
"840",35,"Masc","Casado",2,86549.5,"No","Fuga","Actual",0.0963855421686747
"841",86,"Fem","Casado",0,31242.1,"No","Fuga","Fuga",0.7625
"842",46,"Masc","Soltero",0,90866.5,"No","Actual","Actual",0.0963855421686747
"843",58,"Fem","Casado",2,81711.9,"No","Fuga","Fuga",0.7625
"844",74,"Fem","Casado",2,87844.8,"No","Fuga","Fuga",0.7625
"845",30,"Fem","Casado",0,20058.4,"No","Actual","Actual",0.0882352941176471
"846",28,"Masc","Casado",1,52750.8,"No","Actual","Actual",0.132075471698113
"847",41,"Masc","Soltero",1,52231.5,"No","Actual","Actual",0.0963855421686747
"848",72,"Fem","Soltero",1,73338,"No","Actual","Fuga",0.7625
"849",31,"Masc","Casado",0,15865,"No","Actual","Actual",0.0963855421686747
"850",71,"Fem","Soltero",1,68386.8,"No","Fuga","Fuga",0.7625
"851",60,"Fem","Soltero",1,92353.3,"No","Fuga","Fuga",0.7625
"852",34,"Fem","Casado",2,94778.3,"No","Actual","Actual",0.159663865546218
"853",57,"Fem","Casado",2,45488.3,"No","Fuga","Fuga",0.7625
"854",97,"Masc","Soltero",1,57347.6,"Si","Actual","Actual",0.0963855421686747
"855",83,"Masc","Soltero",0,52774,"No","Actual","Actual",0.0963855421686747
"856",76,"Fem","Casado",1,56545.8,"Si","Fuga","Fuga",0.7625
"857",30,"Fem","Casado",2,45171.2,"No","Actual","Actual",0.159663865546218
"858",34,"Fem","Soltero",2,76578.7,"Si","Actual","Actual",0.159663865546218
"859",64,"Masc","Casado",2,98855.5,"No","Actual","Actual",0.0963855421686747
"860",63,"Masc","Casado",1,81686.6,"No","Actual","Actual",0.0963855421686747
"861",45,"Fem","Casado",1,8469.02,"No","Fuga","Fuga",0.7625
"862",60,"Masc","Soltero",0,67477,"No","Actual","Actual",0.0963855421686747
"863",97,"Fem","Soltero",1,62903.3,"No","Fuga","Fuga",0.7625
"864",73,"Fem","Casado",1,19621.6,"No","Fuga","Fuga",0.7625
"865",22,"Fem","Casado",1,50290.7,"No","Fuga","Actual",0.159663865546218
"866",67,"Fem","Casado",2,99100.1,"No","Fuga","Fuga",0.7625
"867",97,"Masc","Casado",2,1585.99,"No","Actual","Actual",0.0963855421686747
"868",33,"Fem","Casado",2,85433.1,"Si","Fuga","Actual",0.159663865546218
"869",58,"Masc","Soltero",1,69473.4,"Si","Actual","Actual",0.0963855421686747
"870",47,"Fem","Soltero",0,28891.2,"No","Fuga","Fuga",0.7625
"871",95,"Fem","Casado",2,46273.9,"No","Actual","Fuga",0.7625
"872",36,"Masc","Soltero",1,93607.8,"Si","Actual","Actual",0.0963855421686747
"873",79,"Masc","Soltero",1,67137.7,"No","Actual","Actual",0.0963855421686747
"874",60,"Fem","Casado",2,48874.7,"No","Fuga","Fuga",0.7625
"875",55,"Fem","Casado",0,53755.7,"No","Fuga","Fuga",0.7625
"876",72,"Fem","Casado",1,74263.8,"No","Fuga","Fuga",0.7625
"877",31,"Masc","Soltero",0,6121.14,"No","Actual","Actual",0.0963855421686747
"878",44,"Fem","Casado",0,31561.5,"No","Fuga","Fuga",0.7625
"879",75,"Fem","Casado",1,55187.6,"No","Fuga","Fuga",0.7625
"880",53,"Masc","Casado",2,14500.3,"No","Actual","Actual",0.0963855421686747
"881",21,"Fem","Casado",2,585.733,"No","Fuga","Fuga",0.875
"882",34,"Fem","Casado",2,16616.3,"No","Actual","Actual",0.0882352941176471
"883",66,"Masc","Casado",1,31672.4,"No","Actual","Actual",0.0963855421686747
"884",63,"Masc","Casado",0,50290.7,"Si","Actual","Actual",0.0963855421686747
"885",89,"Masc","Soltero",1,73965.2,"No","Actual","Actual",0.0963855421686747
"886",50,"Masc","Casado",2,72356.8,"No","Actual","Actual",0.0963855421686747
"887",78,"Masc","Soltero",0,64893.7,"Si","Actual","Actual",0.0963855421686747
"888",62,"Fem","Casado",0,18831.1,"No","Fuga","Fuga",0.7625
"889",44,"Fem","Casado",0,1461.98,"No","Fuga","Fuga",0.7625
"890",30,"Fem","Casado",0,2031.61,"No","Actual","Actual",0.0882352941176471
"891",71,"Fem","Casado",1,29902.9,"No","Fuga","Fuga",0.7625
"892",64,"Fem","Soltero",0,97524.5,"No","Fuga","Fuga",0.7625
"893",33,"Masc","Soltero",0,5466.39,"Si","Actual","Actual",0.0963855421686747
"894",27,"Fem","Soltero",1,38458.6,"Si","Fuga","Fuga",0.875
"895",46,"Fem","Soltero",0,50451.6,"No","Fuga","Fuga",0.7625
"896",46,"Fem","Soltero",2,41146.2,"No","Fuga","Fuga",0.7625
"897",96,"Masc","Casado",0,61550.6,"Si","Actual","Actual",0.0963855421686747
"898",24,"Masc","Soltero",0,43082.6,"No","Fuga","Actual",0.132075471698113
"899",95,"Fem","Soltero",2,7659.09,"No","Fuga","Fuga",0.7625
"900",19,"Masc","Soltero",0,71861.9,"No","Actual","Actual",0.132075471698113
"901",23,"Fem","Soltero",1,55844.7,"No","Actual","Actual",0.159663865546218
"902",94,"Fem","Soltero",1,91346.9,"No","Actual","Fuga",0.7625
"903",62,"Fem","Soltero",0,72358.6,"Si","Actual","Fuga",0.7625
"904",52,"Fem","Soltero",0,44497.3,"No","Fuga","Fuga",0.7625
"905",55,"Masc","Soltero",2,69710.9,"Si","Fuga","Actual",0.0963855421686747
"906",82,"Masc","Casado",2,77665.6,"No","Actual","Actual",0.0963855421686747
"907",19,"Masc","Casado",2,22567.9,"Si","Actual","Fuga",0.710526315789474
"908",33,"Masc","Casado",2,42763.7,"Si","Actual","Actual",0.0963855421686747
"909",94,"Fem","Soltero",1,46480.7,"No","Fuga","Fuga",0.7625
"910",65,"Fem","Soltero",0,35219.6,"Si","Fuga","Fuga",0.7625
"911",44,"Masc","Soltero",2,31264.5,"Si","Actual","Actual",0.0963855421686747
"912",76,"Masc","Soltero",1,64520.3,"No","Actual","Actual",0.0963855421686747
"913",52,"Masc","Soltero",2,37480.8,"No","Actual","Actual",0.0963855421686747
"914",28,"Masc","Soltero",0,37135.5,"No","Fuga","Fuga",0.710526315789474
"915",92,"Masc","Casado",2,24344.1,"No","Actual","Actual",0.0963855421686747
"916",66,"Fem","Casado",2,28384.5,"Si","Fuga","Fuga",0.7625
"917",79,"Masc","Soltero",2,97928.4,"No","Actual","Actual",0.0963855421686747
"918",51,"Fem","Casado",1,53676.8,"Si","Fuga","Fuga",0.7625
"919",43,"Masc","Casado",2,68467.1,"No","Actual","Actual",0.0963855421686747
"920",96,"Masc","Casado",2,57877.5,"No","Fuga","Actual",0.0963855421686747
"921",96,"Masc","Soltero",2,57814.5,"No","Actual","Actual",0.0963855421686747
"922",81,"Masc","Soltero",0,67634.7,"No","Actual","Actual",0.0963855421686747
"923",27,"Fem","Casado",1,83682.9,"No","Actual","Actual",0.159663865546218
"924",86,"Masc","Casado",0,98399.9,"Si","Actual","Actual",0.0963855421686747
"925",22,"Fem","Casado",1,67744.5,"Si","Actual","Actual",0.159663865546218
"926",60,"Fem","Casado",1,47468.6,"No","Fuga","Fuga",0.7625
"927",80,"Fem","Soltero",2,47893.1,"No","Fuga","Fuga",0.7625
"928",68,"Masc","Soltero",1,14904.1,"No","Actual","Actual",0.0963855421686747
"929",42,"Masc","Casado",0,42639.1,"Si","Actual","Actual",0.0963855421686747
"930",28,"Fem","Soltero",2,90364.4,"No","Fuga","Actual",0.159663865546218
"931",79,"Masc","Casado",2,73113.3,"No","Actual","Actual",0.0963855421686747
"932",71,"Fem","Soltero",2,4581.9,"No","Fuga","Fuga",0.7625
"933",89,"Masc","Casado",1,87660.8,"No","Actual","Actual",0.0963855421686747
"934",70,"Masc","Soltero",0,56421.8,"Si","Actual","Actual",0.0963855421686747
"935",48,"Fem","Casado",2,44596.4,"No","Fuga","Fuga",0.7625
"936",60,"Masc","Soltero",1,86629.3,"No","Actual","Actual",0.0963855421686747
"937",49,"Masc","Soltero",0,41862.6,"No","Actual","Actual",0.0963855421686747
"938",62,"Masc","Casado",2,64283.2,"Si","Actual","Actual",0.0963855421686747
"939",86,"Masc","Casado",0,92167.3,"Si","Actual","Actual",0.0963855421686747
"940",37,"Masc","Soltero",0,79245.1,"No","Actual","Actual",0.0963855421686747
"941",46,"Masc","Casado",0,82196.6,"No","Actual","Actual",0.0963855421686747
"942",62,"Fem","Soltero",2,15981.7,"No","Fuga","Fuga",0.7625
"943",56,"Masc","Casado",2,77246.3,"No","Actual","Actual",0.0963855421686747
"944",52,"Fem","Casado",0,67026.6,"Si","Fuga","Fuga",0.7625
"945",44,"Fem","Soltero",0,21038.9,"No","Fuga","Fuga",0.7625
"946",94,"Fem","Soltero",2,49724.1,"No","Fuga","Fuga",0.7625
"947",28,"Fem","Casado",1,24935.2,"No","Fuga","Fuga",0.875
"948",80,"Masc","Soltero",1,15060.6,"Si","Actual","Actual",0.0963855421686747
"949",72,"Masc","Soltero",1,95935.2,"No","Actual","Actual",0.0963855421686747
"950",46,"Masc","Soltero",1,11416.7,"No","Actual","Actual",0.0963855421686747
"951",81,"Fem","Casado",1,70052,"No","Fuga","Fuga",0.7625
"952",88,"Fem","Casado",2,66906.6,"No","Fuga","Fuga",0.7625
"953",53,"Masc","Casado",2,37354,"No","Actual","Actual",0.0963855421686747
"954",56,"Masc","Casado",2,79952.9,"No","Actual","Actual",0.0963855421686747
"955",23,"Fem","Soltero",1,76659.2,"No","Actual","Actual",0.159663865546218
"956",42,"Fem","Casado",2,75750.1,"Si","Fuga","Fuga",0.7625
"957",29,"Fem","Casado",1,50290.7,"No","Fuga","Actual",0.159663865546218
"958",86,"Masc","Casado",2,78801.2,"No","Actual","Actual",0.0963855421686747
"959",80,"Masc","Casado",1,73152,"Si","Actual","Actual",0.0963855421686747
"960",33,"Fem","Casado",2,68203.8,"Si","Actual","Actual",0.159663865546218
"961",78,"Fem","Soltero",0,29534.4,"No","Fuga","Fuga",0.7625
"962",83,"Fem","Casado",1,75265.3,"No","Fuga","Fuga",0.7625
"963",68,"Masc","Soltero",1,92426.5,"No","Actual","Actual",0.0963855421686747
"964",58,"Masc","Soltero",2,17371,"No","Actual","Actual",0.0963855421686747
"965",21,"Masc","Soltero",1,92788.1,"No","Fuga","Actual",0.132075471698113
"966",30,"Masc","Casado",2,25298.6,"No","Actual","Actual",0.0963855421686747
"967",65,"Masc","Casado",2,29609.7,"Si","Actual","Actual",0.0963855421686747
"968",88,"Masc","Casado",1,21890,"Si","Fuga","Actual",0.0963855421686747
"969",75,"Masc","Casado",0,47131.5,"No","Actual","Actual",0.0963855421686747
"970",50,"Fem","Casado",0,70004.1,"No","Fuga","Fuga",0.7625
"971",40,"Masc","Casado",0,66223.5,"No","Actual","Actual",0.0963855421686747
"972",32,"Fem","Soltero",2,63041.1,"Si","Actual","Actual",0.159663865546218
"973",23,"Fem","Casado",0,35170.8,"No","Fuga","Fuga",0.875
"974",63,"Fem","Soltero",0,3902.04,"No","Actual","Fuga",0.7625
"975",31,"Fem","Casado",2,55977.7,"No","Actual","Actual",0.159663865546218
"976",29,"Fem","Casado",0,6921.4,"Si","Fuga","Fuga",0.875
"977",64,"Fem","Casado",1,45682.8,"No","Actual","Fuga",0.7625
"978",50,"Fem","Casado",2,38281.1,"No","Fuga","Fuga",0.7625
"979",29,"Masc","Soltero",0,18861.6,"Si","Fuga","Fuga",0.710526315789474
"980",19,"Masc","Casado",0,89958.8,"No","Actual","Actual",0.132075471698113
"981",25,"Fem","Soltero",0,50290.7,"Si","Actual","Actual",0.159663865546218
"982",30,"Fem","Casado",0,61971.9,"Si","Actual","Actual",0.159663865546218
"983",23,"Masc","Casado",2,25672.6,"No","Fuga","Fuga",0.710526315789474
"984",82,"Masc","Casado",2,38457.9,"No","Actual","Actual",0.0963855421686747
"985",67,"Fem","Soltero",1,96519.1,"Si","Fuga","Fuga",0.7625
"986",46,"Masc","Casado",0,34805.5,"No","Actual","Actual",0.0963855421686747
"987",82,"Fem","Casado",0,38687.2,"No","Fuga","Fuga",0.7625
"988",62,"Fem","Soltero",0,69977.3,"No","Fuga","Fuga",0.7625
"989",96,"Masc","Casado",2,95184.9,"No","Fuga","Actual",0.0963855421686747
"990",64,"Masc","Soltero",0,53919.9,"No","Actual","Actual",0.0963855421686747
"991",85,"Masc","Soltero",1,84100.4,"No","Actual","Actual",0.0963855421686747
"992",90,"Masc","Casado",0,60550.5,"No","Actual","Actual",0.0963855421686747
"993",83,"Masc","Casado",0,14604.9,"No","Actual","Actual",0.0963855421686747
"994",18,"Fem","Casado",1,97220.7,"No","Actual","Actual",0.159663865546218
"995",38,"Masc","Casado",0,82003.9,"Si","Actual","Actual",0.0963855421686747
"996",78,"Masc","Casado",1,23919.1,"No","Actual","Actual",0.0963855421686747
"997",33,"Fem","Casado",2,90971.4,"Si","Actual","Actual",0.159663865546218
"998",41,"Fem","Casado",0,57307.1,"No","Fuga","Fuga",0.7625
"999",65,"Fem","Soltero",0,73918.3,"No","Fuga","Fuga",0.7625
"1000",52,"Fem","Casado",2,58629.5,"No","Actual","Fuga",0.7625
"1001",20,"Masc","Casado",2,13573.9,"No","Actual","Fuga",0.710526315789474
"1002",32,"Fem","Casado",1,22039,"Si","Actual","Actual",0.0882352941176471
"1003",61,"Fem","Soltero",0,11890.1,"Si","Fuga","Fuga",0.7625
"1004",20,"Masc","Casado",0,8875.47,"No","Fuga","Fuga",0.710526315789474
"1005",74,"Fem","Soltero",0,94582.3,"No","Fuga","Fuga",0.7625
"1006",35,"Fem","Casado",0,77680,"No","Actual","Actual",0.159663865546218
"1007",71,"Fem","Soltero",0,61453.1,"No","Fuga","Fuga",0.7625
"1008",87,"Masc","Soltero",1,45476,"No","Actual","Actual",0.0963855421686747
"1009",82,"Fem","Soltero",0,65670,"Si","Actual","Fuga",0.7625
"1010",33,"Masc","Casado",2,32573.8,"Si","Actual","Actual",0.0963855421686747
"1011",89,"Fem","Soltero",0,63092.2,"Si","Fuga","Fuga",0.7625
"1012",54,"Masc","Casado",0,4755.27,"No","Actual","Actual",0.0963855421686747
"1013",69,"Fem","Casado",2,22925.1,"No","Fuga","Fuga",0.7625
"1014",83,"Masc","Soltero",0,90513.2,"No","Actual","Actual",0.0963855421686747
"1015",91,"Masc","Casado",0,50290.7,"No","Actual","Actual",0.0963855421686747
"1016",19,"Fem","Soltero",2,39782,"No","Fuga","Fuga",0.875
"1017",78,"Masc","Casado",0,84269,"No","Actual","Actual",0.0963855421686747
"1018",94,"Masc","Casado",1,83495,"Si","Actual","Actual",0.0963855421686747
"1019",83,"Fem","Soltero",1,28796.4,"Si","Actual","Fuga",0.7625
"1020",32,"Fem","Casado",2,76791.5,"No","Actual","Actual",0.159663865546218
"1021",66,"Fem","Soltero",1,56562.9,"No","Fuga","Fuga",0.7625
"1022",42,"Fem","Soltero",0,74342.9,"No","Fuga","Fuga",0.7625
"1023",27,"Fem","Casado",2,90672.6,"No","Actual","Actual",0.159663865546218
"1024",80,"Fem","Casado",1,2279.44,"Si","Actual","Fuga",0.7625
"1025",74,"Masc","Casado",1,47927.1,"No","Actual","Actual",0.0963855421686747
"1026",94,"Fem","Casado",1,15862.7,"Si","Fuga","Fuga",0.7625
"1027",35,"Masc","Casado",2,15269.1,"No","Actual","Actual",0.0963855421686747
"1028",93,"Fem","Soltero",0,32480.3,"No","Actual","Fuga",0.7625
"1029",30,"Masc","Casado",2,18893.4,"No","Actual","Actual",0.0963855421686747
"1030",40,"Masc","Casado",2,24329.4,"No","Actual","Actual",0.0963855421686747
"1031",22,"Fem","Casado",1,91390.6,"No","Actual","Actual",0.159663865546218
"1032",72,"Fem","Casado",1,90912.8,"No","Fuga","Fuga",0.7625
"1033",83,"Masc","Casado",1,71000.5,"Si","Actual","Actual",0.0963855421686747
"1034",94,"Fem","Soltero",1,51269.9,"Si","Fuga","Fuga",0.7625
"1035",21,"Masc","Casado",2,58963.7,"No","Actual","Actual",0.132075471698113
"1036",95,"Masc","Casado",1,58167.3,"Si","Actual","Actual",0.0963855421686747
"1037",82,"Masc","Casado",1,53582.6,"No","Actual","Actual",0.0963855421686747
"1038",55,"Fem","Soltero",0,43734.1,"No","Actual","Fuga",0.7625
"1039",43,"Fem","Casado",1,32806.3,"No","Fuga","Fuga",0.7625
"1040",77,"Masc","Casado",0,31852.4,"No","Actual","Actual",0.0963855421686747
"1041",81,"Fem","Casado",1,71668.2,"Si","Fuga","Fuga",0.7625
"1042",53,"Masc","Soltero",2,8854.31,"No","Fuga","Actual",0.0963855421686747
"1043",88,"Fem","Soltero",1,46056.8,"No","Actual","Fuga",0.7625
"1044",22,"Masc","Casado",2,65129,"Si","Actual","Actual",0.132075471698113
"1045",55,"Masc","Soltero",2,16938.5,"No","Actual","Actual",0.0963855421686747
"1046",30,"Fem","Casado",0,30174.2,"No","Actual","Actual",0.0882352941176471
"1047",91,"Fem","Casado",0,82001.8,"No","Actual","Fuga",0.7625
"1048",19,"Fem","Casado",0,26619.8,"No","Fuga","Fuga",0.875
"1049",29,"Masc","Soltero",0,94179.1,"No","Actual","Actual",0.132075471698113
"1050",33,"Fem","Casado",1,82190.5,"Si","Actual","Actual",0.159663865546218
"1051",62,"Masc","Casado",1,57974.8,"Si","Actual","Actual",0.0963855421686747
"1052",82,"Masc","Soltero",2,50290.7,"Si","Actual","Actual",0.0963855421686747
"1053",87,"Fem","Soltero",0,70492.4,"No","Fuga","Fuga",0.7625
"1054",71,"Masc","Casado",1,8073.11,"No","Actual","Actual",0.0963855421686747
"1055",96,"Masc","Casado",0,8118.75,"No","Fuga","Actual",0.0963855421686747
"1056",80,"Masc","Casado",2,95448.6,"Si","Actual","Actual",0.0963855421686747
"1057",25,"Masc","Soltero",1,24141.5,"Si","Actual","Fuga",0.710526315789474
"1058",21,"Fem","Casado",0,27469.5,"Si","Fuga","Fuga",0.875
"1059",66,"Fem","Casado",1,62503.9,"No","Fuga","Fuga",0.7625
"1060",48,"Fem","Casado",1,75738.8,"Si","Fuga","Fuga",0.7625
"1061",92,"Masc","Casado",0,29854.3,"No","Actual","Actual",0.0963855421686747
"1062",69,"Masc","Casado",0,4684.74,"No","Fuga","Actual",0.0963855421686747
"1063",52,"Masc","Soltero",0,42760.5,"No","Actual","Actual",0.0963855421686747
"1064",60,"Masc","Soltero",1,49072,"No","Actual","Actual",0.0963855421686747
"1065",71,"Masc","Casado",0,64882,"No","Actual","Actual",0.0963855421686747
"1066",79,"Masc","Casado",2,76486.8,"Si","Actual","Actual",0.0963855421686747
"1067",92,"Masc","Casado",0,92093,"Si","Actual","Actual",0.0963855421686747
"1068",19,"Fem","Casado",0,68987.5,"No","Actual","Actual",0.159663865546218
"1069",26,"Fem","Casado",1,68200,"Si","Actual","Actual",0.159663865546218
"1070",70,"Fem","Casado",1,28197.3,"Si","Fuga","Fuga",0.7625
"1071",55,"Fem","Casado",0,67720.2,"Si","Fuga","Fuga",0.7625
"1072",72,"Fem","Soltero",1,78796,"No","Fuga","Fuga",0.7625
"1073",69,"Masc","Casado",0,95405.7,"No","Actual","Actual",0.0963855421686747
"1074",33,"Masc","Soltero",1,53883.9,"No","Actual","Actual",0.0963855421686747
"1075",78,"Masc","Casado",1,7426.81,"Si","Actual","Actual",0.0963855421686747
"1076",52,"Masc","Casado",2,28255,"No","Actual","Actual",0.0963855421686747
"1077",36,"Masc","Soltero",2,55485.8,"Si","Actual","Actual",0.0963855421686747
"1078",43,"Fem","Soltero",1,53989.3,"No","Fuga","Fuga",0.7625
"1079",33,"Masc","Casado",1,19173.6,"No","Actual","Actual",0.0963855421686747
"1080",64,"Fem","Casado",1,79734.6,"Si","Fuga","Fuga",0.7625
"1081",49,"Fem","Casado",2,69865.2,"No","Fuga","Fuga",0.7625
"1082",81,"Masc","Casado",2,90478.6,"No","Actual","Actual",0.0963855421686747
"1083",81,"Fem","Casado",1,50860.7,"Si","Fuga","Fuga",0.7625
"1084",56,"Fem","Soltero",2,96863.6,"No","Fuga","Fuga",0.7625
"1085",33,"Fem","Casado",2,29368.6,"No","Actual","Actual",0.0882352941176471
"1086",62,"Masc","Casado",2,50290.7,"No","Actual","Actual",0.0963855421686747
"1087",24,"Fem","Casado",1,15041.2,"Si","Fuga","Fuga",0.875
"1088",33,"Fem","Soltero",2,13669.8,"No","Actual","Actual",0.0882352941176471
"1089",40,"Fem","Soltero",1,26756.6,"No","Fuga","Fuga",0.7625
"1090",94,"Masc","Soltero",0,79690.8,"Si","Actual","Actual",0.0963855421686747
"1091",22,"Masc","Casado",2,12389.3,"Si","Actual","Fuga",0.710526315789474
"1092",77,"Masc","Casado",1,21747.7,"No","Actual","Actual",0.0963855421686747
"1093",53,"Masc","Casado",0,42370.2,"No","Actual","Actual",0.0963855421686747
"1094",97,"Masc","Casado",2,47333.3,"No","Actual","Actual",0.0963855421686747
"1095",85,"Masc","Soltero",0,89788,"No","Actual","Actual",0.0963855421686747
"1096",53,"Fem","Soltero",2,4089.59,"No","Fuga","Fuga",0.7625
"1097",76,"Fem","Casado",1,87797.5,"Si","Fuga","Fuga",0.7625
"1098",78,"Masc","Soltero",0,54670.4,"Si","Actual","Actual",0.0963855421686747
"1099",37,"Fem","Soltero",1,82335.5,"No","Actual","Actual",0.159663865546218
"1100",21,"Fem","Casado",1,78855.5,"No","Actual","Actual",0.159663865546218
"1101",48,"Masc","Casado",2,7122.16,"Si","Actual","Actual",0.0963855421686747
"1102",80,"Fem","Casado",1,26609.9,"No","Fuga","Fuga",0.7625
"1103",21,"Masc","Casado",0,57596.1,"No","Actual","Actual",0.132075471698113
"1104",66,"Fem","Soltero",2,43654.4,"No","Actual","Fuga",0.7625
"1105",56,"Masc","Casado",0,55501.6,"Si","Actual","Actual",0.0963855421686747
"1106",64,"Masc","Soltero",1,15822.6,"Si","Actual","Actual",0.0963855421686747
"1107",76,"Masc","Casado",2,23536,"No","Actual","Actual",0.0963855421686747
"1108",37,"Fem","Soltero",0,95261.8,"No","Fuga","Actual",0.159663865546218
"1109",55,"Fem","Soltero",0,40200.7,"Si","Fuga","Fuga",0.7625
"1110",40,"Masc","Casado",0,77717.1,"No","Actual","Actual",0.0963855421686747
"1111",34,"Masc","Casado",2,14794.3,"Si","Actual","Actual",0.0963855421686747
"1112",59,"Fem","Casado",0,887.5,"No","Fuga","Fuga",0.7625
"1113",79,"Fem","Casado",0,2759.49,"No","Fuga","Fuga",0.7625
"1114",68,"Masc","Casado",2,89449,"No","Actual","Actual",0.0963855421686747
"1115",47,"Masc","Casado",2,42818.5,"No","Actual","Actual",0.0963855421686747
"1116",44,"Masc","Soltero",2,54953.1,"No","Actual","Actual",0.0963855421686747
"1117",75,"Fem","Casado",0,16814.1,"Si","Actual","Fuga",0.7625
"1118",33,"Fem","Soltero",2,1144.36,"Si","Actual","Actual",0.0882352941176471
"1119",82,"Fem","Casado",2,72092.3,"No","Fuga","Fuga",0.7625
"1120",83,"Masc","Casado",1,68290.8,"Si","Actual","Actual",0.0963855421686747
"1121",60,"Fem","Soltero",2,24703.8,"No","Fuga","Fuga",0.7625
"1122",35,"Masc","Soltero",0,44909.2,"No","Actual","Actual",0.0963855421686747
"1123",85,"Masc","Casado",1,58310.2,"Si","Actual","Actual",0.0963855421686747
"1124",88,"Fem","Casado",1,96090.2,"No","Actual","Fuga",0.7625
"1125",27,"Fem","Soltero",0,67668.3,"No","Actual","Actual",0.159663865546218
"1126",31,"Masc","Soltero",0,6165.64,"Si","Actual","Actual",0.0963855421686747
"1127",47,"Masc","Soltero",2,23511.4,"Si","Actual","Actual",0.0963855421686747
"1128",39,"Fem","Casado",1,46736,"No","Actual","Actual",0.159663865546218
"1129",62,"Fem","Casado",2,127.237,"No","Actual","Fuga",0.7625
"1130",91,"Fem","Casado",1,57517.9,"No","Actual","Fuga",0.7625
"1131",57,"Fem","Casado",0,70459.5,"No","Fuga","Fuga",0.7625
"1132",86,"Fem","Casado",0,85180.1,"No","Fuga","Fuga",0.7625
"1133",71,"Fem","Casado",0,67812.8,"No","Fuga","Fuga",0.7625
"1134",97,"Masc","Casado",0,45871.4,"No","Actual","Actual",0.0963855421686747
"1135",49,"Masc","Casado",2,90414.9,"Si","Actual","Actual",0.0963855421686747
"1136",77,"Masc","Casado",0,31650,"Si","Actual","Actual",0.0963855421686747
"1137",24,"Masc","Casado",0,25921.4,"No","Fuga","Fuga",0.710526315789474
"1138",50,"Fem","Casado",2,11458.4,"Si","Actual","Fuga",0.7625
"1139",40,"Masc","Soltero",0,67823.5,"Si","Actual","Actual",0.0963855421686747
"1140",74,"Fem","Soltero",1,52307,"No","Fuga","Fuga",0.7625
"1141",88,"Fem","Soltero",2,18172.8,"Si","Fuga","Fuga",0.7625
"1142",61,"Masc","Soltero",0,77920.8,"No","Actual","Actual",0.0963855421686747
"1143",38,"Masc","Casado",2,52989.2,"No","Fuga","Actual",0.0963855421686747
"1144",83,"Fem","Casado",0,42491.4,"No","Actual","Fuga",0.7625
"1145",64,"Masc","Casado",1,10286.4,"No","Fuga","Actual",0.0963855421686747
"1146",32,"Fem","Casado",2,82258.2,"Si","Actual","Actual",0.159663865546218
"1147",58,"Fem","Casado",0,11253,"Si","Fuga","Fuga",0.7625
"1148",62,"Masc","Soltero",2,10219,"Si","Actual","Actual",0.0963855421686747
"1149",28,"Masc","Casado",1,43448,"No","Actual","Actual",0.132075471698113
"1150",83,"Fem","Casado",2,85022.1,"No","Fuga","Fuga",0.7625
"1151",22,"Masc","Casado",2,33149.2,"No","Actual","Fuga",0.710526315789474
"1152",37,"Fem","Soltero",2,34567,"Si","Actual","Actual",0.0882352941176471
"1153",58,"Fem","Soltero",1,53357.4,"No","Actual","Fuga",0.7625
"1154",55,"Fem","Casado",2,9665.54,"Si","Fuga","Fuga",0.7625
"1155",97,"Masc","Casado",0,39383.4,"Si","Actual","Actual",0.0963855421686747
"1156",37,"Masc","Soltero",0,32872.1,"No","Actual","Actual",0.0963855421686747
"1157",23,"Masc","Soltero",1,50290.7,"No","Fuga","Actual",0.132075471698113
"1158",69,"Masc","Soltero",2,52127.5,"No","Actual","Actual",0.0963855421686747
"1159",65,"Fem","Soltero",2,18151.6,"No","Fuga","Fuga",0.7625
"1160",59,"Masc","Soltero",0,21893.6,"No","Fuga","Actual",0.0963855421686747
"1161",52,"Masc","Soltero",2,78731,"No","Actual","Actual",0.0963855421686747
"1162",95,"Masc","Casado",2,23764.3,"No","Actual","Actual",0.0963855421686747
"1163",62,"Masc","Soltero",2,23715,"Si","Actual","Actual",0.0963855421686747
"1164",46,"Masc","Soltero",1,55634.8,"No","Actual","Actual",0.0963855421686747
"1165",87,"Fem","Casado",1,12935.2,"No","Fuga","Fuga",0.7625
"1166",32,"Fem","Casado",1,47211.6,"Si","Fuga","Actual",0.159663865546218
"1167",49,"Fem","Casado",1,97841.7,"No","Fuga","Fuga",0.7625
"1168",88,"Fem","Soltero",2,94665.2,"No","Fuga","Fuga",0.7625
"1169",51,"Fem","Casado",2,33790.9,"No","Fuga","Fuga",0.7625
"1170",30,"Fem","Casado",1,82743,"No","Actual","Actual",0.159663865546218
"1171",59,"Fem","Casado",0,10384.5,"No","Fuga","Fuga",0.7625
"1172",48,"Masc","Casado",2,60463.4,"Si","Actual","Actual",0.0963855421686747
"1173",43,"Masc","Soltero",2,57976.7,"No","Actual","Actual",0.0963855421686747
"1174",95,"Masc","Casado",1,65745.1,"No","Actual","Actual",0.0963855421686747
"1175",29,"Masc","Casado",1,38230.4,"No","Actual","Fuga",0.710526315789474
"1176",96,"Masc","Casado",1,48713.6,"Si","Actual","Actual",0.0963855421686747
"1177",34,"Fem","Soltero",1,95986,"No","Actual","Actual",0.159663865546218
"1178",94,"Fem","Casado",2,37742,"No","Actual","Fuga",0.7625
"1179",76,"Fem","Casado",1,349.091,"Si","Fuga","Fuga",0.7625
"1180",60,"Fem","Casado",2,99488.1,"Si","Actual","Fuga",0.7625
"1181",30,"Masc","Casado",2,17555.2,"No","Actual","Actual",0.0963855421686747
"1182",83,"Masc","Soltero",2,58580.6,"Si","Actual","Actual",0.0963855421686747
"1183",61,"Masc","Casado",2,53619.2,"No","Actual","Actual",0.0963855421686747
"1184",27,"Masc","Soltero",1,16712.9,"No","Fuga","Fuga",0.710526315789474
"1185",34,"Fem","Casado",0,32657.7,"No","Actual","Actual",0.0882352941176471
"1186",39,"Masc","Casado",0,29227.8,"No","Actual","Actual",0.0963855421686747
"1187",87,"Masc","Soltero",0,37882.5,"No","Actual","Actual",0.0963855421686747
"1188",91,"Fem","Soltero",2,69984.1,"Si","Fuga","Fuga",0.7625
"1189",44,"Masc","Soltero",2,11861.4,"No","Actual","Actual",0.0963855421686747
"1190",44,"Fem","Soltero",0,44183.9,"Si","Fuga","Fuga",0.7625
"1191",26,"Masc","Soltero",0,34129.2,"Si","Fuga","Fuga",0.710526315789474
"1192",49,"Masc","Soltero",0,20730.7,"No","Actual","Actual",0.0963855421686747
"1193",56,"Masc","Casado",1,7330.68,"Si","Actual","Actual",0.0963855421686747
"1194",96,"Masc","Casado",1,50290.7,"No","Actual","Actual",0.0963855421686747
"1195",77,"Masc","Soltero",0,81875.8,"No","Actual","Actual",0.0963855421686747
"1196",52,"Fem","Soltero",0,52963.3,"Si","Fuga","Fuga",0.7625
"1197",78,"Masc","Casado",2,92731.3,"Si","Actual","Actual",0.0963855421686747
"1198",42,"Masc","Casado",0,4324.22,"No","Fuga","Actual",0.0963855421686747
"1199",63,"Masc","Soltero",0,90335.6,"Si","Fuga","Actual",0.0963855421686747
"1200",28,"Masc","Casado",1,10385.3,"No","Fuga","Fuga",0.710526315789474
"1201",90,"Fem","Casado",1,60034.9,"Si","Actual","Fuga",0.7625
"1202",70,"Fem","Casado",1,37521.4,"No","Actual","Fuga",0.7625
"1203",68,"Masc","Soltero",0,3409.01,"No","Actual","Actual",0.0963855421686747
"1204",40,"Fem","Soltero",1,16463,"Si","Fuga","Fuga",0.7625
"1205",31,"Masc","Soltero",1,28464,"Si","Actual","Actual",0.0963855421686747
"1206",25,"Fem","Soltero",1,7320.73,"No","Fuga","Fuga",0.875
"1207",28,"Masc","Casado",0,96563.5,"Si","Actual","Actual",0.132075471698113
"1208",54,"Fem","Soltero",0,60774.6,"No","Fuga","Fuga",0.7625
"1209",44,"Masc","Casado",1,36638.2,"No","Fuga","Actual",0.0963855421686747
"1210",39,"Fem","Soltero",2,51662.2,"No","Actual","Actual",0.159663865546218
"1211",69,"Masc","Casado",0,67108.3,"Si","Fuga","Actual",0.0963855421686747
"1212",29,"Masc","Casado",2,21288.3,"No","Fuga","Fuga",0.710526315789474
"1213",78,"Masc","Soltero",0,59699.8,"No","Actual","Actual",0.0963855421686747
"1214",87,"Fem","Soltero",0,20409,"Si","Fuga","Fuga",0.7625
"1215",27,"Masc","Casado",0,85079.5,"No","Actual","Actual",0.132075471698113
"1216",63,"Masc","Casado",2,31282.8,"Si","Actual","Actual",0.0963855421686747
"1217",26,"Fem","Casado",0,57372.4,"Si","Actual","Actual",0.159663865546218
"1218",89,"Fem","Soltero",2,27492.2,"No","Fuga","Fuga",0.7625
"1219",73,"Masc","Casado",0,19654.9,"No","Actual","Actual",0.0963855421686747
"1220",84,"Fem","Casado",2,23684.1,"No","Actual","Fuga",0.7625
"1221",73,"Masc","Casado",2,7010.68,"No","Actual","Actual",0.0963855421686747
"1222",84,"Fem","Casado",0,87840.6,"Si","Fuga","Fuga",0.7625
"1223",45,"Masc","Casado",2,23695.6,"No","Actual","Actual",0.0963855421686747
"1224",24,"Fem","Casado",1,33065,"No","Fuga","Fuga",0.875
"1225",32,"Masc","Casado",2,24176.8,"Si","Actual","Actual",0.0963855421686747
"1226",46,"Masc","Casado",0,10689.4,"No","Actual","Actual",0.0963855421686747
"1227",18,"Masc","Soltero",2,19546.6,"No","Actual","Fuga",0.710526315789474
"1228",65,"Masc","Casado",1,82783.8,"Si","Actual","Actual",0.0963855421686747
"1229",49,"Masc","Soltero",1,29894.4,"No","Actual","Actual",0.0963855421686747
"1230",63,"Masc","Soltero",2,39753.3,"No","Actual","Actual",0.0963855421686747
"1231",54,"Fem","Soltero",1,11659.5,"Si","Fuga","Fuga",0.7625
"1232",25,"Masc","Soltero",2,56861.8,"No","Actual","Actual",0.132075471698113
"1233",70,"Fem","Soltero",0,87788.7,"Si","Fuga","Fuga",0.7625
"1234",97,"Fem","Casado",0,50290.7,"No","Fuga","Fuga",0.7625
"1235",82,"Fem","Casado",1,77265.5,"No","Fuga","Fuga",0.7625
"1236",69,"Fem","Soltero",2,67773.9,"No","Actual","Fuga",0.7625
"1237",20,"Masc","Soltero",1,87491,"No","Actual","Actual",0.132075471698113
"1238",38,"Masc","Casado",0,94002.6,"No","Actual","Actual",0.0963855421686747
"1239",21,"Fem","Casado",0,64236.8,"No","Fuga","Actual",0.159663865546218
"1240",20,"Fem","Casado",2,3628.78,"No","Actual","Fuga",0.875
"1241",94,"Masc","Soltero",2,22685.3,"Si","Actual","Actual",0.0963855421686747
"1242",26,"Masc","Soltero",2,14785.7,"No","Fuga","Fuga",0.710526315789474
"1243",65,"Fem","Casado",1,23947.8,"No","Fuga","Fuga",0.7625
"1244",64,"Masc","Casado",1,43644.7,"Si","Actual","Actual",0.0963855421686747
"1245",49,"Masc","Casado",0,11131.6,"Si","Actual","Actual",0.0963855421686747
"1246",74,"Masc","Casado",1,60933.9,"No","Fuga","Actual",0.0963855421686747
"1247",50,"Fem","Soltero",2,21396.2,"Si","Fuga","Fuga",0.7625
"1248",48,"Masc","Casado",1,23668.2,"Si","Actual","Actual",0.0963855421686747
"1249",94,"Masc","Casado",2,49022.9,"No","Actual","Actual",0.0963855421686747
"1250",87,"Masc","Soltero",1,85705.8,"No","Actual","Actual",0.0963855421686747
"1251",75,"Fem","Casado",2,49561,"No","Fuga","Fuga",0.7625
"1252",48,"Fem","Soltero",1,79129.2,"No","Fuga","Fuga",0.7625
"1253",30,"Fem","Casado",1,17866.9,"No","Actual","Actual",0.0882352941176471
"1254",67,"Fem","Soltero",1,91347.1,"No","Fuga","Fuga",0.7625
"1255",20,"Masc","Soltero",1,44469.6,"Si","Actual","Actual",0.132075471698113
"1256",68,"Fem","Casado",0,73728.3,"No","Fuga","Fuga",0.7625
"1257",53,"Fem","Casado",2,64546.4,"Si","Actual","Fuga",0.7625
"1258",23,"Masc","Soltero",1,84217.7,"Si","Actual","Actual",0.132075471698113
"1259",47,"Fem","Casado",1,63778.3,"Si","Fuga","Fuga",0.7625
"1260",25,"Fem","Casado",1,10107.7,"Si","Fuga","Fuga",0.875
"1261",19,"Fem","Casado",1,73089.7,"Si","Actual","Actual",0.159663865546218
"1262",23,"Fem","Soltero",1,63712.1,"No","Actual","Actual",0.159663865546218
"1263",36,"Masc","Soltero",1,35381.6,"No","Actual","Actual",0.0963855421686747
"1264",48,"Masc","Casado",0,39598.7,"No","Actual","Actual",0.0963855421686747
"1265",20,"Fem","Soltero",2,23671.6,"No","Fuga","Fuga",0.875
"1266",21,"Fem","Casado",0,77210.6,"No","Actual","Actual",0.159663865546218
"1267",61,"Masc","Soltero",2,66026,"No","Actual","Actual",0.0963855421686747
"1268",51,"Fem","Casado",2,32118.4,"No","Fuga","Fuga",0.7625
"1269",56,"Masc","Soltero",2,86258.6,"No","Actual","Actual",0.0963855421686747
"1270",48,"Fem","Casado",2,85246.6,"No","Fuga","Fuga",0.7625
"1271",29,"Masc","Casado",2,98734.7,"No","Actual","Actual",0.132075471698113
"1272",70,"Fem","Soltero",0,61639.7,"No","Fuga","Fuga",0.7625
"1273",93,"Masc","Soltero",1,14258.4,"Si","Fuga","Actual",0.0963855421686747
"1274",85,"Fem","Soltero",1,23657.4,"No","Fuga","Fuga",0.7625
"1275",86,"Fem","Soltero",0,99514.6,"Si","Fuga","Fuga",0.7625
"1276",44,"Fem","Casado",2,92285.4,"No","Actual","Fuga",0.7625
"1277",82,"Masc","Casado",0,40551,"Si","Actual","Actual",0.0963855421686747
"1278",45,"Masc","Casado",0,70239.8,"No","Actual","Actual",0.0963855421686747
"1279",59,"Fem","Casado",0,29953.1,"No","Fuga","Fuga",0.7625
"1280",50,"Masc","Casado",0,19231.2,"No","Actual","Actual",0.0963855421686747
"1281",94,"Masc","Casado",0,50290.7,"No","Actual","Actual",0.0963855421686747
"1282",56,"Masc","Casado",2,46165.2,"No","Actual","Actual",0.0963855421686747
"1283",55,"Fem","Soltero",0,54844.2,"Si","Fuga","Fuga",0.7625
"1284",94,"Fem","Casado",1,66755.6,"No","Fuga","Fuga",0.7625
"1285",56,"Masc","Soltero",1,92798.9,"No","Actual","Actual",0.0963855421686747
"1286",49,"Fem","Casado",0,68828.4,"Si","Fuga","Fuga",0.7625
"1287",57,"Masc","Casado",1,77149.1,"No","Actual","Actual",0.0963855421686747
"1288",70,"Masc","Casado",1,42211.8,"No","Actual","Actual",0.0963855421686747
"1289",89,"Masc","Casado",0,91655.8,"No","Actual","Actual",0.0963855421686747
"1290",18,"Masc","Casado",0,77293.3,"Si","Actual","Actual",0.132075471698113
"1291",65,"Fem","Casado",1,62751.3,"No","Fuga","Fuga",0.7625
"1292",41,"Fem","Casado",1,43563.4,"No","Fuga","Fuga",0.7625
"1293",61,"Fem","Casado",1,79685,"No","Fuga","Fuga",0.7625
"1294",83,"Masc","Soltero",1,65867.1,"No","Actual","Actual",0.0963855421686747
"1295",48,"Masc","Casado",1,75818.9,"No","Actual","Actual",0.0963855421686747
"1296",34,"Masc","Soltero",0,49728.7,"No","Actual","Actual",0.0963855421686747
"1297",60,"Masc","Casado",0,20953.2,"No","Actual","Actual",0.0963855421686747
"1298",64,"Fem","Casado",2,56412.5,"No","Fuga","Fuga",0.7625
"1299",63,"Fem","Soltero",2,25200.8,"No","Actual","Fuga",0.7625
"1300",56,"Masc","Soltero",2,61417.3,"Si","Actual","Actual",0.0963855421686747
"1301",41,"Fem","Casado",1,47916.3,"No","Fuga","Fuga",0.7625
"1302",41,"Fem","Casado",0,45103.4,"No","Actual","Fuga",0.7625
"1303",25,"Masc","Casado",0,94451.7,"Si","Actual","Actual",0.132075471698113
"1304",85,"Masc","Soltero",0,57933.1,"Si","Actual","Actual",0.0963855421686747
"1305",95,"Masc","Casado",0,585.791,"No","Actual","Actual",0.0963855421686747
"1306",70,"Masc","Casado",1,76837.4,"No","Actual","Actual",0.0963855421686747
"1307",20,"Masc","Casado",2,66312.2,"Si","Actual","Actual",0.132075471698113
"1308",74,"Masc","Soltero",0,2825.56,"No","Actual","Actual",0.0963855421686747
"1309",65,"Fem","Casado",0,10391.1,"No","Fuga","Fuga",0.7625
"1310",59,"Masc","Casado",2,40637.4,"No","Actual","Actual",0.0963855421686747
"1311",57,"Masc","Casado",2,66634.9,"No","Actual","Actual",0.0963855421686747
"1312",37,"Fem","Casado",2,53162.2,"Si","Actual","Actual",0.159663865546218
"1313",63,"Fem","Casado",2,84342.2,"No","Actual","Fuga",0.7625
"1314",85,"Masc","Soltero",2,96929.8,"No","Actual","Actual",0.0963855421686747
"1315",55,"Masc","Casado",1,86537.4,"Si","Actual","Actual",0.0963855421686747
"1316",54,"Masc","Soltero",0,84754.4,"No","Actual","Actual",0.0963855421686747
"1317",67,"Masc","Casado",0,81360.6,"No","Fuga","Actual",0.0963855421686747
"1318",82,"Fem","Casado",2,89270.4,"No","Actual","Fuga",0.7625
"1319",53,"Masc","Casado",2,50290.7,"No","Actual","Actual",0.0963855421686747
"1320",81,"Fem","Casado",2,94159.9,"No","Fuga","Fuga",0.7625
"1321",81,"Masc","Casado",2,57898.5,"No","Actual","Actual",0.0963855421686747
"1322",42,"Fem","Casado",1,62126.4,"Si","Fuga","Fuga",0.7625
"1323",76,"Masc","Soltero",1,57091.6,"Si","Actual","Actual",0.0963855421686747
"1324",63,"Masc","Soltero",1,75826.6,"No","Fuga","Actual",0.0963855421686747
"1325",82,"Fem","Soltero",0,8604.64,"No","Fuga","Fuga",0.7625
"1326",50,"Masc","Casado",0,73210.8,"Si","Actual","Actual",0.0963855421686747
"1327",81,"Fem","Soltero",2,87872.9,"Si","Fuga","Fuga",0.7625
"1328",21,"Masc","Casado",0,63671.3,"Si","Actual","Actual",0.132075471698113
"1329",59,"Fem","Casado",0,91427.2,"No","Fuga","Fuga",0.7625
"1330",86,"Masc","Casado",2,88392,"No","Actual","Actual",0.0963855421686747
"1331",90,"Masc","Soltero",0,8513.14,"No","Actual","Actual",0.0963855421686747
"1332",63,"Masc","Soltero",2,16472.4,"No","Actual","Actual",0.0963855421686747
"1333",80,"Fem","Casado",2,83890.7,"No","Actual","Fuga",0.7625
"1334",34,"Masc","Soltero",2,9229.55,"No","Actual","Actual",0.0963855421686747
"1335",56,"Fem","Casado",0,58641.2,"No","Actual","Fuga",0.7625
"1336",37,"Fem","Casado",2,11947.3,"No","Actual","Actual",0.0882352941176471
"1337",69,"Fem","Soltero",0,86735.5,"No","Actual","Fuga",0.7625
"1338",86,"Fem","Casado",1,44773.7,"Si","Fuga","Fuga",0.7625
"1339",35,"Masc","Casado",2,18345.3,"Si","Fuga","Actual",0.0963855421686747
"1340",84,"Masc","Casado",0,94243.8,"No","Actual","Actual",0.0963855421686747
"1341",38,"Fem","Casado",2,84653.1,"Si","Actual","Actual",0.159663865546218
"1342",95,"Fem","Soltero",2,52997.5,"Si","Fuga","Fuga",0.7625
"1343",70,"Fem","Casado",1,85192.9,"Si","Fuga","Fuga",0.7625
"1344",37,"Masc","Casado",0,11693.3,"No","Actual","Actual",0.0963855421686747
"1345",41,"Masc","Casado",0,59898.4,"No","Actual","Actual",0.0963855421686747
